"step","user","system","elapsed","tot_cpu"
"cv",568.239,94.053,9150.749,662.292
"psi_data",4.22799999999995,0.0559999999999974,4.32099999999991,4.28399999999995
"speedTest",277.686,0.840000000000003,614.793000000001,278.526
"psi_og",1.43999999999994,0,1.4479999999985,1.43999999999994
"feval_og",62.885,0.078000000000003,63.2970000000005,62.963
