"step","user","system","elapsed","tot_cpu"
"cv",676.235,57.504,7841.874,733.739
"psi_data",19.321,2.688,22.1379999999999,22.009
"speedTest",2087.638,421.933,4579.71,2509.571
"psi_og",4.55099999999993,0.11099999999999,4.68599999999969,4.66199999999992
"feval_og",143.327,3.774,147.811000000002,147.101
