"veh_id","Price","Acceleration","OpCost","hev","phev20","phev40","bev","bevRangeRel","noBEVFC","american","chinese","japanese","skorean","icev_nest_indicator","hev_nest_indicator","phev_nest_indicator","bev_nest_indicator","created_alternative"
"Aston Martin Lagonda_72_car",273.933207350881,2.95700872287423,4.2780782699347,0,0,0,1,0,0,0,0,0,0,0,0,0,1,1
"Aston Martin Lagonda_73_car",163.305388424086,3.20165910765518,4.12415508798291,0,0,0,1,0,0,0,0,0,0,0,0,0,1,1
"Aston Martin Lagonda_74_car",267.141997974749,3.00847285648307,11.9841074692955,0,0,0,0,0,0,0,0,0,0,1,0,0,0,0
"Aston Martin Lagonda_75_car",155.832036446784,3.26449693546787,11.3391473482116,0,0,0,0,0,0,0,0,0,0,1,0,0,0,0
"Aston Martin Lagonda_76_car",291.368147637689,2,10.736474801929,0,0,1,0,0,0,0,0,0,0,0,0,1,0,1
"Aston Martin Lagonda_77_car",174.3875155507,2.05160370543861,10.9418498017605,0,0,1,0,0,0,0,0,0,0,0,0,1,0,1
"BMW_1480_car",59.5086971082295,4.71308528101438,3.4599841335885,0,0,0,1,0,0,0,0,0,0,0,0,0,1,1
"BMW_1481_car",73.438988996055,4.92170220570075,3.69573358612633,0,0,0,1,0,0,0,0,0,0,0,0,0,1,1
"BMW_1482_car",56.6056203645756,4.58221655116915,3.37125631960521,0,0,0,1,0,0,0,0,0,0,0,0,0,1,1
"BMW_1483_car",48.8090311090421,6.36391129754114,3.28548014470431,0,0,0,1,0,0,0,0,0,0,0,0,0,1,1
"BMW_1484_car",47.2253706024057,7.43062214616837,3.01351323873499,0,0,0,1,0,0,0,0,0,0,0,0,0,1,1
"BMW_1485_car",62.1326007810261,3.58146917482732,4.15540228603581,0,0,0,1,0,0,0,0,0,0,0,0,0,1,1
"BMW_1486_car",47.658585483003,6.17051636173811,3.124578234691,0,0,0,1,0,0,0,0,0,0,0,0,0,1,1
"BMW_1487_car",53.2448545467961,7.02851052132053,3.10625471001245,0,0,0,1,0,0,0,0,0,0,0,0,0,1,1
"BMW_1488_car",44.1957572357821,7.8587242690983,3.42208365877371,0,0,0,1,0,0,0,0,0,0,0,0,0,1,1
"BMW_1489_car",41.0883909620818,7.50261599871711,3.29250049421635,0,0,0,1,0,0,0,0,0,0,0,0,0,1,1
"BMW_1490_car",66.0238641303578,5.70459421625462,3.74897235170404,0,0,0,1,0,0,0,0,0,0,0,0,0,1,1
"BMW_1491_car",61.7280336527316,5.43983326828291,3.43209053414954,0,0,0,1,0,0,0,0,0,0,0,0,0,1,1
"BMW_1492_car",111.388664261756,3.59869362436387,4.50567791965215,0,0,0,1,0,0,0,0,0,0,0,0,0,1,1
"BMW_1493_car",44.3567973323146,8.95844931101921,3.45413298906304,0,0,0,1,0,0,0,0,0,0,0,0,0,1,1
"BMW_1494_car",80.2690871285578,5.25563784291301,4.12457199348623,0,0,0,1,0,0,0,0,0,0,0,0,0,1,1
"BMW_1495_car",49.5734633463747,7.44868985572947,3.53243169537815,0,0,0,1,0,0,0,0,0,0,0,0,0,1,1
"BMW_1496_car",78.9611237830302,4.94176299082691,3.81775061456354,0,0,0,1,0,0,0,0,0,0,0,0,0,1,1
"BMW_1497_car",37.343421365124,8.37245437174642,3.11981791969637,0,0,0,1,0,0,0,0,0,0,0,0,0,1,1
"BMW_1498_car",37.9674983206784,8.76852938245271,3.25253265946339,0,0,0,1,0,0,0,0,0,0,0,0,0,1,1
"BMW_1499_car",35.3422171805694,13.2680309555879,3.2505272591395,0,0,0,1,0,0,0,0,0,0,0,0,0,1,1
"BMW_1500_car",42.2589715007457,7.4228698678668,3.28442300178498,0,0,0,1,0,0,0,0,0,0,0,0,0,1,1
"BMW_1501_car",61.0642007359094,5.79144498051816,3.86908111068151,0,0,0,1,0,0,0,0,0,0,0,0,0,1,1
"BMW_1502_car",59.5743644857649,7.29311059701726,3.19060280488671,0,0,0,1,0,0,0,0,0,0,0,0,0,1,1
"BMW_1503_car",36.3419319530372,7.68014833988103,3.06718762029209,0,0,0,1,0,0,0,0,0,0,0,0,0,1,1
"BMW_1504_car",28.5507366604139,10.5844546085808,2.95162667730184,0,0,0,1,0,0,0,0,0,0,0,0,0,1,1
"BMW_1505_car",36.2223505181481,7.67886300298307,3.06323445401148,0,0,0,1,0,0,0,0,0,0,0,0,0,1,1
"BMW_1506_car",28.5551640536713,10.57957483571,2.99243492044328,0,0,0,1,0,0,0,0,0,0,0,0,0,1,1
"BMW_1507_car",35.9655215260193,6.19923893859511,3.13899909811082,0,0,0,1,0,0,0,0,0,0,0,0,0,1,1
"BMW_1508_car",72.1577462975093,4.92640949544656,3.46735798715638,0,0,0,1,0,0,0,0,0,0,0,0,0,1,1
"BMW_1509_car",68.870301996148,4.65560718738935,3.49022797873573,0,0,0,1,0,0,0,0,0,0,0,0,0,1,1
"BMW_1510_car",111.363096611256,3.51841803842038,4.4877028886898,0,0,0,1,0,0,0,0,0,0,0,0,0,1,1
"BMW_1511_car",41.4555230427056,4.66910138760041,3.49906603937689,0,0,0,1,0,0,0,0,0,0,0,0,0,1,1
"BMW_1512_car",62.3623255519433,6.02917188504638,3.98083772885311,0,0,0,1,0,0,0,0,0,0,0,0,0,1,1
"BMW_1513_car",65.9795641989633,5.15446188619089,3.6689028515016,0,0,0,1,0,0,0,0,0,0,0,0,0,1,1
"BMW_1514_car",47.6606523109434,6.53912290647095,3.07464441294324,0,0,0,1,0,0,0,0,0,0,0,0,0,1,1
"BMW_1515_car",36.0710861941622,7.25810016159423,2.93215519119085,0,0,0,1,0,0,0,0,0,0,0,0,0,1,1
"BMW_1516_car",28.055674184028,10.5962937538573,2.72535222384668,0,0,0,1,0,0,0,0,0,0,0,0,0,1,1
"BMW_1517_car",35.795421309273,7.68544800089358,2.88420809430479,0,0,0,1,0,0,0,0,0,0,0,0,0,1,1
"BMW_1518_car",28.1300896348347,10.5896760086251,2.78379793226258,0,0,0,1,0,0,0,0,0,0,0,0,0,1,1
"BMW_1519_car",35.9454451557062,6.20301654463901,3.0115303522373,0,0,0,1,0,0,0,0,0,0,0,0,0,1,1
"BMW_1520_car",60.9369478277761,5.63828257432018,3.7945382525939,0,0,0,1,0,0,0,0,0,0,0,0,0,1,1
"BMW_1521_car",74.0538447921877,3.64062863486261,4.15631717887354,0,0,0,1,0,0,0,0,0,0,0,0,0,1,1
"BMW_1522_car",55.751693464012,6.27137705564924,3.24683572118046,0,0,0,1,0,0,0,0,0,0,0,0,0,1,1
"BMW_1523_car",60.4965697289891,5.02758264384126,3.45899475197555,0,0,0,1,0,0,0,0,0,0,0,0,0,1,1
"BMW_1524_car",364.066536318209,4.18262724836959,4.64843166948777,0,0,0,1,0,0,0,0,0,0,0,0,0,1,1
"BMW_1525_car",499.616819405269,4.47308130192558,5.20794426045794,0,0,0,1,0,0,0,0,0,0,0,0,0,1,1
"BMW_1526_car",122.401008838832,4.38434642467919,4.17891551225752,0,0,0,1,0,0,0,0,0,0,0,0,0,1,1
"BMW_1527_car",91.2509735152253,5.85969952796044,3.69795697440916,0,0,0,1,0,0,0,0,0,0,0,0,0,1,1
"BMW_1528_car",56.5023724129935,4.80691993956583,10.1206439997767,1,0,0,0,0,0,0,0,0,0,0,1,0,0,0
"BMW_1529_car",70.1809976986509,5.0173166927548,10.7503463749358,1,0,0,0,0,0,0,0,0,0,0,1,0,0,0
"BMW_1530_car",54.4351551964393,4.67378283649088,9.67968794038957,1,0,0,0,0,0,0,0,0,0,0,1,0,0,0
"BMW_1531_car",42.9186690370526,6.48863470933723,10.5227472747186,0,0,0,0,0,0,0,0,0,0,1,0,0,0,0
"BMW_1532_car",42.8826878553506,7.57927481765692,9.37720393313545,0,0,0,0,0,0,0,0,0,0,1,0,0,0,0
"BMW_1533_car",57.5722489432545,3.660582109723,12.0617334021568,0,0,0,0,0,0,0,0,0,0,1,0,0,0,0
"BMW_1534_car",42.9646325510553,6.29614154234271,9.81629479765115,0,0,0,0,0,0,0,0,0,0,1,0,0,0,0
"BMW_1535_car",48.9738169975944,7.15955850897549,9.9405559331213,0,0,0,0,0,0,0,0,0,0,1,0,0,0,0
"BMW_1536_car",37.5157766499543,8.0171343234671,10.8825148919044,0,0,0,0,0,0,0,0,0,0,1,0,0,0,0
"BMW_1537_car",35.4256359773064,7.65854318380854,10.0584199188053,0,0,0,0,0,0,0,0,0,0,1,0,0,0,0
"BMW_1538_car",61.711846993907,5.81530491415516,10.9566463208902,1,0,0,0,0,0,0,0,0,0,0,1,0,0,0
"BMW_1539_car",59.3387219803327,5.54523821836109,9.97180066978244,1,0,0,0,0,0,0,0,0,0,0,1,0,0,0
"BMW_1540_car",109.407572495474,3.66347799563451,12.8378493522931,0,0,0,0,0,0,0,0,0,0,1,0,0,0,0
"BMW_1541_car",37.4827270236414,9.14483980213177,10.9721842567671,0,0,0,0,0,0,0,0,0,0,1,0,0,0,0
"BMW_1542_car",75.2891202006809,5.34514907560629,13.094036856928,0,0,0,0,0,0,0,0,0,0,1,0,0,0,0
"BMW_1543_car",43.0072868938147,7.60306777212507,11.1291784929523,0,0,0,0,0,0,0,0,0,0,1,0,0,0,0
"BMW_1544_car",74.8771850357487,5.03058132410587,12.1498562612281,0,0,0,0,0,0,0,0,0,0,1,0,0,0,0
"BMW_1545_car",31.9257813816555,8.56738482793408,9.41694310884208,0,0,0,0,0,0,0,0,0,0,1,0,0,0,0
"BMW_1546_car",32.0804329041503,8.96428606023728,9.86327823670213,0,0,0,0,0,0,0,0,0,0,1,0,0,0,0
"BMW_1547_car",29.345867225066,13.5499373457465,9.41940185927789,0,0,0,0,0,0,0,0,0,0,1,0,0,0,0
"BMW_1548_car",36.7115062556044,7.5796155656302,10.0077677330738,0,0,0,0,0,0,0,0,0,0,1,0,0,0,0
"BMW_1549_car",56.1818870142987,5.89684553415991,12.0333989691686,0,0,0,0,0,0,0,0,0,0,1,0,0,0,0
"BMW_1550_car",55.2584701030269,7.43251118428547,10.1417724309267,0,0,0,0,0,0,0,0,0,0,1,0,0,0,0
"BMW_1551_car",31.6521963620622,7.86841575586207,9.11162477781032,0,0,0,0,0,0,0,0,0,0,1,0,0,0,0
"BMW_1552_car",23.3154594410043,10.8643095631687,8.78956770861441,0,0,0,0,0,0,0,0,0,0,1,0,0,0,0
"BMW_1553_car",31.4320473681518,7.86841575586207,9.09479249319673,0,0,0,0,0,0,0,0,0,0,1,0,0,0,0
"BMW_1554_car",23.095689023615,10.8643095631687,8.89547476731856,0,0,0,0,0,0,0,0,0,0,1,0,0,0,0
"BMW_1555_car",30.996705707952,6.35790502482259,9.22407450232141,0,0,0,0,0,0,0,0,0,0,1,0,0,0,0
"BMW_1556_car",70.181164963384,5.01730626066581,10.2806376372653,1,0,0,0,0,0,0,0,0,0,0,1,0,0,0
"BMW_1557_car",67.3058530637786,4.74806200624335,9.97124601094408,1,0,0,0,0,0,0,0,0,0,0,1,0,0,0
"BMW_1558_car",109.552761364187,3.58126300679564,12.8103271328521,0,0,0,0,0,0,0,0,0,0,1,0,0,0,0
"BMW_1559_car",35.945167558395,4.76000452079665,11.137374146909,0,0,0,0,0,0,0,0,0,0,1,0,0,0,0
"BMW_1560_car",56.2386316711163,6.13579668900421,12.6468131168182,0,0,0,0,0,0,0,0,0,0,1,0,0,0,0
"BMW_1561_car",61.3109349438446,5.25607878041836,11.5406092459078,0,0,0,0,0,0,0,0,0,0,1,0,0,0,0
"BMW_1562_car",43.0761120884699,6.67483816689609,9.49155828093201,0,0,0,0,0,0,0,0,0,0,1,0,0,0,0
"BMW_1563_car",31.7264698311213,7.43216163672451,8.75767256830495,0,0,0,0,0,0,0,0,0,0,1,0,0,0,0
"BMW_1564_car",23.3086479182703,10.8645990265996,8.17614581920638,0,0,0,0,0,0,0,0,0,0,1,0,0,0,0
"BMW_1565_car",31.4215399322703,7.86874118955266,8.64481345522741,0,0,0,0,0,0,0,0,0,0,1,0,0,0,0
"BMW_1566_car",23.0849674332373,10.8648460718361,8.32161346118049,0,0,0,0,0,0,0,0,0,0,1,0,0,0,0
"BMW_1567_car",31.3110468640504,6.35790502482259,8.91480206577548,0,0,0,0,0,0,0,0,0,0,1,0,0,0,0
"BMW_1568_car",56.2487507256333,5.74382372421901,11.7719660014032,0,0,0,0,0,0,0,0,0,0,1,0,0,0,0
"BMW_1569_car",70.4464857015958,3.71888607376008,12.1128121352706,0,0,0,0,0,0,0,0,0,0,1,0,0,0,0
"BMW_1570_car",51.185178595576,6.39271085222176,10.2565299810758,0,0,0,0,0,0,0,0,0,0,1,0,0,0,0
"BMW_1571_car",57.8161829472591,5.14406614099317,10.4002414396997,0,0,0,0,0,0,0,0,0,0,1,0,0,0,0
"BMW_1572_car",389.434273151635,4.24866925840332,11.2073015095878,0,0,0,0,0,0,0,0,0,0,1,0,0,0,0
"BMW_1573_car",534.078786507883,4.54372715082877,12.1432472011564,0,0,0,0,0,0,0,0,0,0,1,0,0,0,0
"BMW_1574_car",125.659526301116,4.47060358968324,10.4640735463334,0,0,0,0,0,0,0,0,0,0,1,0,0,0,0
"BMW_1575_car",93.4997558909849,5.99162438158136,9.12145931722867,0,0,0,0,0,0,0,0,0,0,1,0,0,0,0
"BMW_1576_car",65.9861872367793,3.02915600344663,9.36042063236271,0,0,1,0,0,0,0,0,0,0,0,0,1,0,1
"BMW_1577_car",79.7693908630612,3.16195995219329,9.83382708094937,0,0,1,0,0,0,0,0,0,0,0,0,1,0,1
"BMW_1578_car",63.4230814249898,2.94256488680293,9.05040609106609,0,0,1,0,0,0,0,0,0,0,0,0,1,0,1
"BMW_1579_car",54.1326225277484,4.08568210344719,8.69451968390137,0,0,1,0,0,0,0,0,0,0,0,0,1,0,1
"BMW_1580_car",51.9972515593811,2.92367452479233,8.1176979602566,0,0,1,0,0,0,0,0,0,0,0,0,1,0,1
"BMW_1581_car",68.0597819411594,2.30472130465872,10.8250930689008,0,0,1,0,0,0,0,0,0,0,0,0,1,0,1
"BMW_1582_car",54.5281725702475,3.95271081383493,8.20824979771935,0,0,1,0,0,0,0,0,0,0,0,0,1,0,1
"BMW_1583_car",58.9961974753971,3.7357602146766,8.96614700196043,0,0,1,0,0,0,0,0,0,0,0,0,1,0,1
"BMW_1584_car",49.2367905539459,4.01674079372907,9.8056029684006,0,0,1,0,0,0,0,0,0,0,0,0,1,0,1
"BMW_1585_car",45.4559984516949,2.90974204777269,8.78003204631183,0,0,1,0,0,0,0,0,0,0,0,0,1,0,1
"BMW_1586_car",71.3646924524785,3.66423852215096,9.76174060406444,0,0,1,0,0,0,0,0,0,0,0,0,1,0,1
"BMW_1587_car",68.3497760102683,3.49130063042905,8.9375747941075,0,0,1,0,0,0,0,0,0,0,0,0,1,0,1
"BMW_1588_car",120.204454628167,2.31196942346587,11.8951534646712,0,0,1,0,0,0,0,0,0,0,0,0,1,0,1
"BMW_1589_car",47.5344267886383,2.84258821331201,7.01856493098849,0,0,1,0,0,0,0,0,0,0,0,0,1,0,1
"BMW_1590_car",86.2929257742642,3.3720364134793,10.7665421367215,0,0,1,0,0,0,0,0,0,0,0,0,1,0,1
"BMW_1591_car",52.4525699966744,4.78286396254368,9.1258778384652,0,0,1,0,0,0,0,0,0,0,0,0,1,0,1
"BMW_1592_car",85.6434309348547,3.17244270230035,10.1603243575931,0,0,1,0,0,0,0,0,0,0,0,0,1,0,1
"BMW_1593_car",41.6257390654535,3.26475682019264,8.17800890347338,0,0,1,0,0,0,0,0,0,0,0,0,1,0,1
"BMW_1594_car",41.9098674671212,3.3565358290574,8.51892753195181,0,0,1,0,0,0,0,0,0,0,0,0,1,0,1
"BMW_1595_car",38.668340849987,4.41903382326459,8.52635757053503,0,0,1,0,0,0,0,0,0,0,0,0,1,0,1
"BMW_1596_car",46.7034830972555,2.88861052783856,8.74936160402833,0,0,1,0,0,0,0,0,0,0,0,0,1,0,1
"BMW_1597_car",65.9166162501191,3.24102501030198,10.593849937293,0,0,1,0,0,0,0,0,0,0,0,0,1,0,1
"BMW_1598_car",64.6119797988799,3.82636168812129,9.0912440854138,0,0,1,0,0,0,0,0,0,0,0,0,1,0,1
"BMW_1599_car",40.5559808374163,3.09386515556206,7.96173009247234,0,0,1,0,0,0,0,0,0,0,0,0,1,0,1
"BMW_1600_car",31.973258669892,3.85417757442443,7.61955764997054,0,0,1,0,0,0,0,0,0,0,0,0,1,0,1
"BMW_1601_car",40.329329308054,3.09783655796256,7.95209659934099,0,0,1,0,0,0,0,0,0,0,0,0,1,0,1
"BMW_1602_car",31.776488232268,3.85361541314592,7.71096979925068,0,0,1,0,0,0,0,0,0,0,0,0,1,0,1
"BMW_1603_car",40.9004006054367,2.51075493675309,8.22478186499394,0,0,1,0,0,0,0,0,0,0,0,0,1,0,1
"BMW_1604_car",79.6569103594011,3.16314196879248,9.3890064848472,0,0,1,0,0,0,0,0,0,0,0,0,1,0,1
"BMW_1605_car",76.3366399356469,2.9895657066701,9.27631326789679,0,0,1,0,0,0,0,0,0,0,0,0,1,0,1
"BMW_1606_car",120.271756228899,2.25988571465639,11.873111181901,0,0,1,0,0,0,0,0,0,0,0,0,1,0,1
"BMW_1607_car",46.4606968166979,2.99967224773703,9.48090471601709,0,0,1,0,0,0,0,0,0,0,0,0,1,0,1
"BMW_1608_car",66.7277593617586,3.86812969397544,10.3576884687216,0,0,1,0,0,0,0,0,0,0,0,0,1,0,1
"BMW_1609_car",71.7356919569048,3.31182643381022,9.68721423013384,0,0,1,0,0,0,0,0,0,0,0,0,1,0,1
"BMW_1610_car",52.76362048603,4.17937239198241,7.97711836965998,0,0,1,0,0,0,0,0,0,0,0,0,1,0,1
"BMW_1611_car",40.5780737082361,2.96556452412284,7.69014988540258,0,0,1,0,0,0,0,0,0,0,0,0,1,0,1
"BMW_1612_car",31.8220282073271,3.90164731716985,7.10666442096232,0,0,1,0,0,0,0,0,0,0,0,0,1,0,1
"BMW_1613_car",40.2115473249139,3.11961075802017,7.56057982684301,0,0,1,0,0,0,0,0,0,0,0,0,1,0,1
"BMW_1614_car",31.6352090187986,3.8975503515004,7.2371419233924,0,0,1,0,0,0,0,0,0,0,0,0,1,0,1
"BMW_1615_car",41.1349357940292,2.52082364082382,7.96001139476684,0,0,1,0,0,0,0,0,0,0,0,0,1,0,1
"BMW_1616_car",67.1421056089853,3.1788918248562,10.4556794463551,0,0,1,0,0,0,0,0,0,0,0,0,1,0,1
"BMW_1617_car",80.927440704138,2.3418395644287,10.8430865772198,0,0,1,0,0,0,0,0,0,0,0,0,1,0,1
"BMW_1618_car",62.7881464631529,3.43212685600388,9.22938086055986,0,0,1,0,0,0,0,0,0,0,0,0,1,0,1
"BMW_1619_car",66.5989191659616,3.23584906989173,8.80941835103862,0,0,1,0,0,0,0,0,0,0,0,0,1,0,1
"BMW_1620_car",392.718742797915,2.67950608840584,12.4022006061061,0,0,1,0,0,0,0,0,0,0,0,0,1,0,1
"BMW_1621_car",537.878307925465,2.72706307609713,13.4557787598518,0,0,1,0,0,0,0,0,0,0,0,0,1,0,1
"BMW_1622_car",132.401593922843,2.81245896300251,11.1879583019262,0,0,1,0,0,0,0,0,0,0,0,0,1,0,1
"BMW_1623_car",98.8073760811369,3.27663789067729,10.2546854415961,0,0,1,0,0,0,0,0,0,0,0,0,1,0,1
"BMW_1648_car",44.9281941729354,3.36775051043972,6.73622631213537,0,0,1,0,0,0,0,0,0,0,0,0,1,0,0
"BMW_1649_car",59.3008681385179,3.71732842740356,7.54849404555092,0,0,1,0,0,0,0,0,0,0,0,0,1,0,0
"BMW_1650_car",42.6060546980993,5.0328003913542,9.19956386952584,0,0,1,0,0,0,0,0,0,0,0,0,1,0,0
"BMW_1651_car",57.2456079688425,4.85096853748225,9.80668544035432,0,0,1,0,0,0,0,0,0,0,0,0,1,0,0
"BMW_1652_car",96.4441285679906,4.02561103264313,11.363398525327,0,0,1,0,0,0,0,0,0,0,0,0,1,0,0
"BMW_1653_car",36.5168496633102,4.5632884883901,6.84150194244281,0,0,1,0,0,0,0,0,0,0,0,0,1,0,0
"BMW_1654_car",48.4032370131331,3.88770844065799,3.91887547485926,0,0,0,1,0,0,0,0,0,0,0,0,0,1,0
"BMW_1655_car",29.7386814587693,8.80833114574704,3.2888850128152,0,0,0,1,0,0,0,0,0,0,0,0,0,1,0
"BMW_1656_car",46.7178680447303,6.6671909930789,3.29123077307558,0,0,0,1,0,0,0,0,0,0,0,0,0,1,0
"BMW_1657_car",357.749650454702,4.81279022825808,5.25507224252405,0,0,0,1,0,0,0,0,0,0,0,0,0,1,1
"BMW_1658_car",54.4904357615202,7.88820090955881,3.82055602276673,0,0,0,1,0,0,0,0,0,0,0,0,0,1,1
"BMW_1659_car",340.957922474658,4.86643439250671,15.7875096564542,0,0,0,0,0,0,0,0,0,0,1,0,0,0,0
"BMW_1660_car",42.1765815933266,8.05042921908445,11.8717623528166,0,0,0,0,0,0,0,0,0,0,1,0,0,0,0
"BMW_1661_car",332.814678808247,3.07987718132656,13.7296933677133,0,0,1,0,0,0,0,0,0,0,0,0,1,0,1
"BMW_1662_car",50.0083427096318,4.03088175296438,10.6109382436991,0,0,1,0,0,0,0,0,0,0,0,0,1,0,1
"Ferrari_112_car",239.602509750732,2.73566507300286,3.99947298969754,0,0,0,1,0,0,0,0,0,0,0,0,0,1,1
"Ferrari_113_car",235.209388716633,2.5485059169074,4.15895777923215,0,0,0,1,0,0,0,0,0,0,0,0,0,1,1
"Ferrari_114_car",443.275358791973,2.21793362299374,5.0595198383389,0,0,0,1,0,0,0,0,0,0,0,0,0,1,1
"Ferrari_115_car",308.873511180003,2.10962762184579,4.74436549301794,0,0,0,1,0,0,0,0,0,0,0,0,0,1,1
"Ferrari_116_car",231.671046204904,2.78642708077676,11.3345751942249,0,0,0,0,0,0,0,0,0,0,1,0,0,0,0
"Ferrari_117_car",227.749923623854,2.62280378519469,11.0655255540822,0,0,0,0,0,0,0,0,0,0,1,0,0,0,0
"Ferrari_118_car",434.587690292273,2.14122464563501,13.4981796768715,0,0,0,0,0,0,0,0,0,0,1,0,0,0,0
"Ferrari_119_car",300.017127045178,2.17987172838671,12.2745711245502,0,0,0,0,0,0,0,0,0,0,1,0,0,0,0
"Ferrari_120_car",226.197430904686,2,10.1750104406171,0,0,1,0,0,0,0,0,0,0,0,0,1,0,1
"Ferrari_121_car",222.189203195073,2,10.5442084700102,0,0,1,0,0,0,0,0,0,0,0,0,1,0,1
"Ferrari_122_car",418.370571567923,2,12.294013977274,0,0,1,0,0,0,0,0,0,0,0,0,1,0,1
"Ferrari_123_car",291.464821580954,2,11.6872673316769,0,0,1,0,0,0,0,0,0,0,0,0,1,0,1
"Ferrari_124_car",515.579119443716,2,12.3587481767597,0,0,1,0,0,0,0,0,0,0,0,0,1,0,0
"Ferrari_125_car",312.703579602217,2,11.5025063792921,0,0,1,0,0,0,0,0,0,0,0,0,1,0,0
"Ford_1584_car",56.6934376291811,3.72424883549685,3.96592920933831,0,0,0,1,0,0,1,0,0,0,0,0,0,1,1
"Ford_1585_car",55.8041432495747,3.72516661565989,3.89056329524646,0,0,0,1,0,0,1,0,0,0,0,0,0,1,1
"Ford_1586_car",43.0073628968296,5.30228973745115,3.50134167878294,0,0,0,1,0,0,1,0,0,0,0,0,0,1,1
"Ford_1587_car",92.3511534900092,2.35403323989578,5.33947470522655,0,0,0,1,0,0,1,0,0,0,0,0,0,1,1
"Ford_1588_car",42.1531304182302,5.3035812919511,3.47462117083108,0,0,0,1,0,0,1,0,0,0,0,0,0,1,1
"Ford_1589_car",75.1940317871204,2.06870578430316,4.93904247401759,0,0,0,1,0,0,1,0,0,0,0,0,0,1,1
"Ford_1590_car",43.1990360331301,3.80524741462771,11.9402589387775,0,0,0,0,0,0,1,0,0,0,1,0,0,0,0
"Ford_1591_car",42.5977050924303,3.8052564393372,11.7797137689345,0,0,0,0,0,0,1,0,0,0,1,0,0,0,0
"Ford_1592_car",32.1156190564783,5.41782075857717,10.6581372125641,0,0,0,0,0,0,1,0,0,0,1,0,0,0,0
"Ford_1593_car",73.3523109614569,2.32432273806944,15.7410399835476,0,0,0,0,0,0,1,0,0,0,1,0,0,0,0
"Ford_1594_car",31.5142790209734,5.41782755517513,10.6042937572462,0,0,0,0,0,0,1,0,0,0,1,0,0,0,0
"Ford_1595_car",58.1140871801801,2.13657261537529,14.10315099542,0,0,0,0,0,0,1,0,0,0,1,0,0,0,0
"Ford_1596_car",55.3273969866734,2.39185384170878,10.4828135233797,0,0,1,0,0,0,1,0,0,0,0,0,1,0,1
"Ford_1597_car",54.669261737567,2.39205914590088,10.3349879108433,0,0,1,0,0,0,1,0,0,0,0,0,1,0,1
"Ford_1598_car",42.2149022147139,3.40813277884598,8.95336686156969,0,0,1,0,0,0,1,0,0,0,0,0,1,0,1
"Ford_1599_car",88.6858984477285,2,12.8657783153399,0,0,1,0,0,0,1,0,0,0,0,0,1,0,1
"Ford_1600_car",41.5904153129618,3.40860332143084,8.89547090805145,0,0,1,0,0,0,1,0,0,0,0,0,1,0,1
"Ford_1601_car",72.2772533559167,2,12.1825719993065,0,0,1,0,0,0,1,0,0,0,0,0,1,0,1
"Ford_1602_car",51.7851149167517,8.2062008226547,3.62080994820625,0,0,0,1,0,0,1,0,0,0,0,0,0,1,1
"Ford_1603_car",36.3885894624983,11.6741960570983,3.284218652015,0,0,0,1,0,0,1,0,0,0,0,0,0,1,1
"Ford_1604_car",41.3681944440378,7.05691744978993,3.48048149538445,0,0,0,1,0,0,1,0,0,0,0,0,0,1,1
"Ford_1605_car",33.0723353148096,9.07196213840946,3.19038531945124,0,0,0,1,0,0,1,0,0,0,0,0,0,1,1
"Ford_1606_car",46.6817860378,8.34459938523043,11.3816166436984,0,0,0,0,0,0,1,0,0,0,1,0,0,0,0
"Ford_1607_car",34.3260448490679,8.19584600915901,7.87241118298484,1,0,0,0,0,0,1,0,0,0,0,1,0,0,0
"Ford_1608_car",35.794811573387,7.20026233698837,10.6153349878425,0,0,0,0,0,0,1,0,0,0,1,0,0,0,0
"Ford_1609_car",27.634724566583,9.27846657259308,9.69584021112968,0,0,0,0,0,0,1,0,0,0,1,0,0,0,0
"Ford_1610_car",57.5719757860544,3.06654698841272,9.61716519155829,0,0,1,0,0,0,1,0,0,0,0,0,1,0,1
"Ford_1611_car",40.6639245736567,4.10413397255658,8.57824511355106,0,0,1,0,0,0,1,0,0,0,0,0,1,0,1
"Ford_1612_car",45.7782227043089,4.51680575777663,8.70758174818805,0,0,1,0,0,0,1,0,0,0,0,0,1,0,1
"Ford_1613_car",37.3874021325499,3.4698327711503,8.24119701291458,0,0,1,0,0,0,1,0,0,0,0,0,1,0,1
"Ford_1614_car",32.6996618609084,5.3957008425695,4.03952708996506,0,0,0,1,0,0,1,0,0,0,0,0,0,1,0
"Ford_1615_car",33.2578560596426,8.09074212699785,3.58158436281381,0,0,0,1,0,0,1,0,0,0,0,0,0,1,0
"Ford_1616_car",36.7256318251635,4.59448774473095,10.3843045014678,0,0,1,0,0,0,1,0,0,0,0,0,1,0,0
"Ford_1617_car",35.0947306499417,4.08973922331171,8.84398898627662,0,0,1,0,0,0,1,0,0,0,0,0,1,0,0
"General Motors_3207_car",43.6892815769325,7.49251646322086,3.42455898815302,0,0,0,1,0,0,1,0,0,0,0,0,0,1,1
"General Motors_3208_car",44.9634462014812,5.31717315134671,3.85918616915465,0,0,0,1,0,0,1,0,0,0,0,0,0,1,1
"General Motors_3209_car",44.4527961820613,3.68364672005359,4.15122601754236,0,0,0,1,0,0,1,0,0,0,0,0,0,1,1
"General Motors_3210_car",41.8767866279513,6.95917498585006,3.12593847376683,0,0,0,1,0,0,1,0,0,0,0,0,0,1,1
"General Motors_3211_car",43.7474031319941,3.68381008516148,4.16879215568508,0,0,0,1,0,0,1,0,0,0,0,0,0,1,1
"General Motors_3212_car",43.194580711984,5.32651838466122,3.68479379140017,0,0,0,1,0,0,1,0,0,0,0,0,0,1,1
"General Motors_3213_car",52.2762778316533,6.86467078620382,3.75095037348665,0,0,0,1,0,0,1,0,0,0,0,0,0,1,1
"General Motors_3214_car",31.3460425875174,9.64724871676771,2.78218180820464,0,0,0,1,0,0,1,0,0,0,0,0,0,1,1
"General Motors_3215_car",42.0203293549222,6.08647439507069,3.09077963094182,0,0,0,1,0,0,1,0,0,0,0,0,0,1,1
"General Motors_3216_car",52.7348684031702,2.6365532999232,4.52203828582017,0,0,0,1,0,0,1,0,0,0,0,0,0,1,1
"General Motors_3217_car",52.0682307558481,2.63656531654053,4.54016765422998,0,0,0,1,0,0,1,0,0,0,0,0,0,1,1
"General Motors_3218_car",50.7272009967835,6.65196245107439,3.482068639933,0,0,0,1,0,0,1,0,0,0,0,0,0,1,1
"General Motors_3219_car",22.3226595454935,12.3124541480259,2.49761573544023,0,0,0,1,0,0,1,0,0,0,0,0,0,1,1
"General Motors_3220_car",21.9147663983284,12.3031327650072,2.58589271777651,0,0,0,1,0,0,1,0,0,0,0,0,0,1,1
"General Motors_3221_car",53.9484564169377,3.87264125957687,4.00758989967095,0,0,0,1,0,0,1,0,0,0,0,0,0,1,1
"General Motors_3222_car",56.156945805151,3.77193641272824,4.0532308744094,0,0,0,1,0,0,1,0,0,0,0,0,0,1,1
"General Motors_3223_car",53.7538407929661,2.99787626744472,4.41684210197863,0,0,0,1,0,0,1,0,0,0,0,0,0,1,1
"General Motors_3224_car",39.3099077723407,5.92560476502877,3.37262503023337,0,0,0,1,0,0,1,0,0,0,0,0,0,1,1
"General Motors_3225_car",59.6447153322213,2.46435894323437,5.04673100746239,0,0,0,1,0,0,1,0,0,0,0,0,0,1,1
"General Motors_3226_car",80.770454590145,3.1146769775218,4.09135746698119,0,0,0,1,0,0,1,0,0,0,0,0,0,1,1
"General Motors_3227_car",31.3958332149565,7.64466466043274,10.1033817505128,0,0,0,0,0,0,1,0,0,0,1,0,0,0,0
"General Motors_3228_car",33.9201532103034,5.4751298899744,9.89277882487854,0,0,0,0,0,0,1,0,0,0,1,0,0,0,0
"General Motors_3229_car",34.2169095274734,3.78592058766289,10.3073892889374,0,0,0,0,0,0,1,0,0,0,1,0,0,0,0
"General Motors_3230_car",32.0907578351349,7.166430138568,8.73097969036559,0,0,0,0,0,0,1,0,0,0,1,0,0,0,0
"General Motors_3231_car",33.615931991774,3.78592058766289,10.352347977554,0,0,0,0,0,0,1,0,0,0,1,0,0,0,0
"General Motors_3232_car",33.8980827381412,5.48252263114971,9.39198721817678,0,0,0,0,0,0,1,0,0,0,1,0,0,0,0
"General Motors_3233_car",38.4547444874319,6.99215359719692,11.0658815201381,0,0,0,0,0,0,1,0,0,0,1,0,0,0,0
"General Motors_3234_car",23.0370542705718,9.8658367483176,7.59740499199025,0,0,0,0,0,0,1,0,0,0,1,0,0,0,0
"General Motors_3235_car",32.3265257360628,6.29541691261403,8.29048109135512,0,0,0,0,0,0,1,0,0,0,1,0,0,0,0
"General Motors_3236_car",41.7184337449501,2.70921522179958,11.0901987230137,0,0,0,0,0,0,1,0,0,0,1,0,0,0,0
"General Motors_3237_car",41.1176648136444,2.70921522179958,11.128607803664,0,0,0,0,0,0,1,0,0,0,1,0,0,0,0
"General Motors_3238_car",39.338977548405,6.83339978351253,9.72281623502333,0,0,0,0,0,0,1,0,0,0,1,0,0,0,0
"General Motors_3239_car",16.0192259689535,12.7046759314542,6.27574406674501,0,0,0,0,0,0,1,0,0,0,1,0,0,0,0
"General Motors_3240_car",15.4119301192259,12.7046759314542,6.45769864443082,0,0,0,0,0,0,1,0,0,0,1,0,0,0,0
"General Motors_3241_car",43.1481581141787,3.98777155991522,9.93946020321127,0,0,0,0,0,0,1,0,0,0,1,0,0,0,0
"General Motors_3242_car",45.1051122458124,3.88264692093493,10.0416681027388,0,0,0,0,0,0,1,0,0,0,1,0,0,0,0
"General Motors_3243_car",42.1917194754882,3.09602041881945,10.571803793672,0,0,0,0,0,0,1,0,0,0,1,0,0,0,0
"General Motors_3244_car",29.4906781094035,6.10728357569549,9.24883769985639,0,0,0,0,0,0,1,0,0,0,1,0,0,0,0
"General Motors_3245_car",46.2949439548466,2.54768922649206,11.7435546402986,0,0,0,0,0,0,1,0,0,0,1,0,0,0,0
"General Motors_3246_car",67.7327549223692,3.22022902749844,9.91590862842277,0,0,0,0,0,0,1,0,0,0,1,0,0,0,0
"General Motors_3247_car",39.1681182174089,4.81048608397114,8.89714409809893,0,0,1,0,0,0,1,0,0,0,0,0,1,0,1
"General Motors_3248_car",41.2151139282643,3.42126313440143,9.9006259269577,0,0,1,0,0,0,1,0,0,0,0,0,1,0,1
"General Motors_3249_car",41.5761621641407,2.36807897744403,10.8495813018123,0,0,1,0,0,0,1,0,0,0,0,0,1,0,1
"General Motors_3250_car",38.8824473249188,3.68594207202542,8.79027698719283,0,0,1,0,0,0,1,0,0,0,0,0,1,0,1
"General Motors_3251_car",40.9892134810789,2.36809439477003,10.8850935671468,0,0,1,0,0,0,1,0,0,0,0,0,1,0,1
"General Motors_3252_car",40.6347062837817,3.42291325553532,9.37175086689467,0,0,1,0,0,0,1,0,0,0,0,0,1,0,1
"General Motors_3253_car",48.0416704784501,4.40620378073923,9.71732374869812,0,0,1,0,0,0,1,0,0,0,0,0,1,0,1
"General Motors_3254_car",30.3264996417168,3.67984332275316,7.36469473339869,0,0,1,0,0,0,1,0,0,0,0,0,1,0,1
"General Motors_3255_car",39.6325722367874,3.90106686467403,7.96001262035144,0,0,1,0,0,0,1,0,0,0,0,0,1,0,1
"General Motors_3256_car",49.3827505006845,2,11.1177326707005,0,0,1,0,0,0,1,0,0,0,0,0,1,0,1
"General Motors_3257_car",48.7961819559347,2,11.1602607397902,0,0,1,0,0,0,1,0,0,0,0,0,1,0,1
"General Motors_3258_car",47.3208691284174,3.57057020555614,9.70567612059769,0,0,1,0,0,0,1,0,0,0,0,0,1,0,1
"General Motors_3259_car",22.2287921958874,3.99327286919125,6.5347483841838,0,0,1,0,0,0,1,0,0,0,0,0,1,0,1
"General Motors_3260_car",20.6132332062211,4.11491888355637,6.82841814375179,0,0,1,0,0,0,1,0,0,0,0,0,1,0,1
"General Motors_3261_car",50.3338250460928,2.49144692027172,10.4352337644363,0,0,1,0,0,0,1,0,0,0,0,0,1,0,1
"General Motors_3262_car",52.3208407631513,2.42649481233594,10.5698719074591,0,0,1,0,0,0,1,0,0,0,0,0,1,0,1
"General Motors_3263_car",48.9766610458374,2,10.9883970475127,0,0,1,0,0,0,1,0,0,0,0,0,1,0,1
"General Motors_3264_car",37.2339479634175,3.25672287349006,9.32844313816592,0,0,1,0,0,0,1,0,0,0,0,0,1,0,1
"General Motors_3265_car",54.1699261467124,2,12.3003953845973,0,0,1,0,0,0,1,0,0,0,0,0,1,0,1
"General Motors_3266_car",74.965085472666,2,10.4173438443396,0,0,1,0,0,0,1,0,0,0,0,0,1,0,1
"General Motors_3267_car",42.3676231861778,7.48517502405142,3.55235499728685,0,0,0,1,0,0,1,0,0,0,0,0,0,1,1
"General Motors_3268_car",29.2905052189962,10.7185599908695,3.16658648591942,0,0,0,1,0,0,1,0,0,0,0,0,0,1,1
"General Motors_3269_car",31.5029558232516,10.5875836116981,3.1728689121101,0,0,0,1,0,0,1,0,0,0,0,0,0,1,1
"General Motors_3270_car",26.9656347416919,10.3603612924518,3.08478195669493,0,0,0,1,0,0,1,0,0,0,0,0,0,1,1
"General Motors_3271_car",32.1465405550087,9.74411006851523,3.22519226044741,0,0,0,1,0,0,1,0,0,0,0,0,0,1,1
"General Motors_3272_car",39.7973318029489,7.57671819591633,3.40702590804466,0,0,0,1,0,0,1,0,0,0,0,0,0,1,1
"General Motors_3273_car",27.8060191683368,10.3379055499813,3.11182241282299,0,0,0,1,0,0,1,0,0,0,0,0,0,1,1
"General Motors_3274_car",34.0381842992305,10.2309458096563,3.35099716814517,0,0,0,1,0,0,1,0,0,0,0,0,0,1,1
"General Motors_3275_car",43.0014894511757,7.67075039105611,8.04612477371794,0,0,0,0,0,0,1,0,0,0,1,0,0,0,0
"General Motors_3276_car",28.9415719948909,11.0189150239479,7.07296587614676,0,0,0,0,0,0,1,0,0,0,1,0,0,0,0
"General Motors_3277_car",31.2304916202873,10.9142566733259,7.05723962746618,0,0,0,0,0,0,1,0,0,0,1,0,0,0,0
"General Motors_3278_car",26.5781639409663,10.6659125164041,6.87904618259928,0,0,0,0,0,0,1,0,0,0,1,0,0,0,0
"General Motors_3279_car",32.1004423282543,10.0166686736915,7.19556679909271,0,0,0,0,0,0,1,0,0,0,1,0,0,0,0
"General Motors_3280_car",40.5122726814258,7.75486960551231,7.76859623711834,0,0,0,0,0,0,1,0,0,0,1,0,0,0,0
"General Motors_3281_car",27.4659462069551,10.6564967287293,6.92315164497898,0,0,0,0,0,0,1,0,0,0,1,0,0,0,0
"General Motors_3282_car",33.7807550405377,10.4996828816472,7.488337670262,0,0,0,0,0,0,1,0,0,0,1,0,0,0,0
"General Motors_3283_car",48.1398318207341,2.88151036555203,9.31017097185106,0,0,1,0,0,0,1,0,0,0,0,0,1,0,1
"General Motors_3284_car",33.6234066783694,3.87439800832845,8.21457532895248,0,0,1,0,0,0,1,0,0,0,0,0,1,0,1
"General Motors_3285_car",35.9618735394052,3.83036210607744,8.17792715567015,0,0,1,0,0,0,1,0,0,0,0,0,1,0,1
"General Motors_3286_car",31.1365031274385,3.80309873704062,7.99576943023253,0,0,1,0,0,0,1,0,0,0,0,0,1,0,1
"General Motors_3287_car",36.8627756508347,3.63602819379738,8.35617018157244,0,0,1,0,0,0,1,0,0,0,0,0,1,0,1
"General Motors_3288_car",45.5091951770501,2.91615559253117,9.02944562395724,0,0,1,0,0,0,1,0,0,0,0,0,1,0,1
"General Motors_3289_car",32.0626793796304,3.78758053069711,8.03407995006894,0,0,1,0,0,0,1,0,0,0,0,0,1,0,1
"General Motors_3290_car",38.680564941054,3.73987782050401,8.6900048328761,0,0,1,0,0,0,1,0,0,0,0,0,1,0,1
"General Motors_3291_car",26.198596725644,8.9803060146662,3.28034212349001,0,0,0,1,0,0,1,0,0,0,0,0,0,1,0
"General Motors_3292_car",31.1116890046832,9.26616880367503,3.39878426905843,0,0,0,1,0,0,1,0,0,0,0,0,0,1,0
"General Motors_3293_car",44.2821174765037,10.5330761988055,4.34885016712611,0,0,0,1,0,0,1,0,0,0,0,0,0,1,0
"Honda_744_car",30.3218963036371,15.0711798298257,2.5901430072986,0,0,0,1,0,0,0,0,1,0,0,0,0,1,1
"Honda_745_car",55.953941878277,6.34285058298118,3.67963206964738,0,0,0,1,0,0,0,0,1,0,0,0,0,1,1
"Honda_746_car",35.0409967945196,7.57909481529917,2.80815550939331,0,0,0,1,0,0,0,0,1,0,0,0,0,1,1
"Honda_747_car",48.6010037837428,6.50661540297227,3.32711218783926,0,0,0,1,0,0,0,0,1,0,0,0,0,1,1
"Honda_748_car",36.3779141316928,12.1718179080299,2.81565441307758,0,0,0,1,0,0,0,0,1,0,0,0,0,1,1
"Honda_749_car",28.9651686454147,9.27285876474601,2.63224845821682,0,0,0,1,0,0,0,0,1,0,0,0,0,1,1
"Honda_750_car",28.5239316845782,9.26943644594277,2.64648018355854,0,0,0,1,0,0,0,0,1,0,0,0,0,1,1
"Honda_751_car",33.7749294412378,8.23874156963051,2.79178108524774,0,0,0,1,0,0,0,0,1,0,0,0,0,1,1
"Honda_752_car",33.2733062310503,8.23684382357585,2.77101128552206,0,0,0,1,0,0,0,0,1,0,0,0,0,1,1
"Honda_753_car",39.6392880617188,6.37096070377773,3.1672178215222,0,0,0,1,0,0,0,0,1,0,0,0,0,1,1
"Honda_754_car",35.671578332391,8.17140638781783,3.06611036195305,0,0,0,1,0,0,0,0,1,0,0,0,0,1,1
"Honda_755_car",29.9223643339439,15.0833264643005,2.48124551806638,0,0,0,1,0,0,0,0,1,0,0,0,0,1,1
"Honda_756_car",28.3367239074373,9.27295187690657,2.55546379073862,0,0,0,1,0,0,0,0,1,0,0,0,0,1,1
"Honda_757_car",33.5989088171773,7.31157682807831,2.71881781242993,0,0,0,1,0,0,0,0,1,0,0,0,0,1,1
"Honda_758_car",32.8797394807908,8.24301252548049,2.63493273847107,0,0,0,1,0,0,0,0,1,0,0,0,0,1,1
"Honda_759_car",173.043561903975,3.28225753577712,4.6193764564166,0,0,0,1,0,0,0,0,1,0,0,0,0,1,1
"Honda_760_car",27.8828640372688,10.6067292289126,6.38511963235527,1,0,0,0,0,0,0,0,1,0,0,1,0,0,0
"Honda_761_car",49.1301660040173,6.45778569596718,11.7372769887,0,0,0,0,0,0,0,0,1,0,1,0,0,0,0
"Honda_762_car",30.6040667412614,7.73793081279298,8.615193712912,0,0,0,0,0,0,0,0,1,0,1,0,0,0,0
"Honda_763_car",43.1806984965787,6.62973868028459,10.3029135231078,0,0,0,0,0,0,0,0,1,0,1,0,0,0,0
"Honda_764_car",34.284566336364,8.52750966498769,6.96049296031912,1,0,0,0,0,0,0,0,1,0,0,1,0,0,0
"Honda_765_car",23.8402632213063,9.49922934614307,8.0151620373783,0,0,0,0,0,0,0,0,1,0,1,0,0,0,0
"Honda_766_car",23.1801152281722,9.49922934614307,8.03682648856487,0,0,0,0,0,0,0,0,1,0,1,0,0,0,0
"Honda_767_car",28.7861928281358,8.43972519781311,8.28570277263203,0,0,0,0,0,0,0,0,1,0,1,0,0,0,0
"Honda_768_car",28.4630523044793,8.43972519781311,7.97252203875914,0,0,0,0,0,0,0,0,1,0,1,0,0,0,0
"Honda_769_car",34.6932069824147,6.50951376105191,9.08162342797991,0,0,0,0,0,0,0,0,1,0,1,0,0,0,0
"Honda_770_car",30.3287271926773,8.36587343405266,8.66557071275996,0,0,0,0,0,0,0,0,1,0,1,0,0,0,0
"Honda_771_car",27.8775949600269,10.6152314119006,6.16695514127792,1,0,0,0,0,0,0,0,1,0,0,1,0,0,0
"Honda_772_car",23.179225605131,9.49924162502805,7.81552640656326,0,0,0,0,0,0,0,0,1,0,1,0,0,0,0
"Honda_773_car",28.9475084557919,7.48750403784972,8.09114037960502,0,0,0,0,0,0,0,0,1,0,1,0,0,0,0
"Honda_774_car",28.6347889277343,8.43973553757147,7.64515864516466,0,0,0,0,0,0,0,0,1,0,1,0,0,0,0
"Honda_775_car",175.12087574957,3.38486974516757,11.2573475940136,1,0,0,0,0,0,0,0,1,0,0,1,0,0,0
"Honda_776_car",31.113028892948,4.88883250864676,6.91900445938205,0,0,1,0,0,0,0,0,1,0,0,0,1,0,1
"Honda_777_car",56.0895125890493,4.07117702059022,9.60253225006172,0,0,1,0,0,0,0,0,1,0,0,0,1,0,1
"Honda_778_car",36.4842381545964,3.05928002385981,7.46802500160062,0,0,1,0,0,0,0,0,1,0,0,0,1,0,1
"Honda_779_car",49.2410220176472,4.15387713158844,8.52801433748263,0,0,1,0,0,0,0,0,1,0,0,0,1,0,1
"Honda_780_car",37.5087876844798,4.25776110678564,7.50428728177167,0,0,1,0,0,0,0,0,1,0,0,0,1,0,1
"Honda_781_car",30.6123546340131,3.61869431092966,6.95334276242541,0,0,1,0,0,0,0,0,1,0,0,0,1,0,1
"Honda_782_car",30.0082284909326,3.61566196717547,6.98836361283695,0,0,1,0,0,0,0,0,1,0,0,0,1,0,1
"Honda_783_car",35.0681666684665,3.28975414387804,7.36692130790508,0,0,1,0,0,0,0,0,1,0,0,0,1,0,1
"Honda_784_car",34.4410027951823,3.29415725617527,7.32500141827384,0,0,1,0,0,0,0,0,1,0,0,0,1,0,1
"Honda_785_car",40.5450152863995,4.07584482496725,8.11422909713509,0,0,1,0,0,0,0,0,1,0,0,0,1,0,1
"Honda_786_car",36.2674337162334,3.21706609508165,8.04876653599341,0,0,1,0,0,0,0,0,1,0,0,0,1,0,1
"Honda_787_car",31.0559607187907,4.9238276763634,6.66958431278218,0,0,1,0,0,0,0,0,1,0,0,0,1,0,1
"Honda_788_car",29.9545736856306,3.63039283865559,6.79021292848131,0,0,1,0,0,0,0,0,1,0,0,0,1,0,1
"Honda_789_car",35.2397154244425,2.98705230545819,7.26041987865746,0,0,1,0,0,0,0,0,1,0,0,0,1,0,1
"Honda_790_car",34.3631840198524,3.31030952712148,7.03339579160627,0,0,1,0,0,0,0,0,1,0,0,0,1,0,1
"Honda_791_car",169.932316417856,2.11678590162253,11.8866123809631,0,0,1,0,0,0,0,0,1,0,0,0,1,0,1
"Honda_819_car",52.180039459769,6.62077841373636,3.76466915658166,0,0,0,1,0,0,0,0,1,0,0,0,0,1,1
"Honda_820_car",44.5844364254454,6.86070415804704,3.89563444272576,0,0,0,1,0,0,0,0,1,0,0,0,0,1,1
"Honda_821_car",36.312962057794,8.74844500077008,3.31176850196283,0,0,0,1,0,0,0,0,1,0,0,0,0,1,1
"Honda_822_car",34.5488918055175,11.2349177558131,3.30427551043505,0,0,0,1,0,0,0,0,1,0,0,0,0,1,1
"Honda_823_car",31.0065643270538,10.6232258135609,2.98202066102876,0,0,0,1,0,0,0,0,1,0,0,0,0,1,1
"Honda_824_car",40.181846253409,6.74340715841182,11.4178945413056,0,0,0,0,0,0,0,0,1,0,1,0,0,0,0
"Honda_825_car",33.2086950011106,6.97475162700751,11.9732799301225,0,0,0,0,0,0,0,0,1,0,1,0,0,0,0
"Honda_826_car",26.8765570702361,8.9316787784643,9.36707719945631,0,0,0,0,0,0,0,0,1,0,1,0,0,0,0
"Honda_827_car",23.9102691925278,11.5110689405491,9.17564959499884,0,0,0,0,0,0,0,0,1,0,1,0,0,0,0
"Honda_828_car",22.0135638693233,10.883111985728,8.76466324508813,0,0,0,0,0,0,0,0,1,0,1,0,0,0,0
"Honda_829_car",52.5939716401818,4.23111129424423,9.35763173560336,0,0,1,0,0,0,0,0,1,0,0,0,1,0,1
"Honda_830_car",45.2639332827065,4.37907267214163,9.68286957150871,0,0,1,0,0,0,0,0,1,0,0,0,1,0,1
"Honda_831_car",37.1819620139775,3.35477587368107,8.58582383284992,0,0,1,0,0,0,0,0,1,0,0,0,1,0,1
"Honda_832_car",33.1556474765718,3.52937598321769,6.65655657858944,0,0,1,0,0,0,0,0,1,0,0,0,1,0,1
"Honda_833_car",31.4627161749535,3.86484210749899,7.88198627259859,0,0,1,0,0,0,0,0,1,0,0,0,1,0,1
"Hyundai_1136_car",51.7592040551361,5.71612579360944,3.81394448695714,0,0,0,1,0,0,0,0,0,1,0,0,0,1,1
"Hyundai_1137_car",21.9995862824643,11.5809375255927,2.50535140008045,0,0,0,1,0,0,0,0,0,1,0,0,0,1,1
"Hyundai_1138_car",21.4916533100994,11.5781215236438,2.47856656569472,0,0,0,1,0,0,0,0,0,1,0,0,0,1,1
"Hyundai_1139_car",39.6139223852337,5.36812922848036,3.49533088478897,0,0,0,1,0,0,0,0,0,1,0,0,0,1,1
"Hyundai_1140_car",39.495322233814,5.36739447464794,3.492041080462,0,0,0,1,0,0,0,0,0,1,0,0,0,1,1
"Hyundai_1141_car",47.4861935168868,5.72271279092655,3.56366736922648,0,0,0,1,0,0,0,0,0,1,0,0,0,1,1
"Hyundai_1142_car",32.2602947882667,11.6084380212868,2.57579669063577,0,0,0,1,0,0,0,0,0,1,0,0,0,1,1
"Hyundai_1143_car",29.3261449356847,16.3922691542598,2.47428645466842,0,0,0,1,0,0,0,0,0,1,0,0,0,1,1
"Hyundai_1144_car",85.7919849847831,5.35254531866087,4.20605231474861,0,0,0,1,0,0,0,0,0,1,0,0,0,1,1
"Hyundai_1145_car",82.6702254927569,5.93311884945269,4.16776653384701,0,0,0,1,0,0,0,0,0,1,0,0,0,1,1
"Hyundai_1146_car",32.6580356592426,8.34051446311187,2.90161134474684,0,0,0,1,0,0,0,0,0,1,0,0,0,1,1
"Hyundai_1147_car",32.075118878778,8.34480836081723,2.77189596306717,0,0,0,1,0,0,0,0,0,1,0,0,0,1,1
"Hyundai_1148_car",34.4855918738851,5.17402106425993,3.35156487982317,0,0,0,1,0,0,0,0,0,1,0,0,0,1,1
"Hyundai_1149_car",37.3578640787273,9.02857260929974,2.96714601967601,0,0,0,1,0,0,0,0,0,1,0,0,0,1,1
"Hyundai_1150_car",82.1628688532342,5.06099777042107,4.04251888587889,0,0,0,1,0,0,0,0,0,1,0,0,0,1,1
"Hyundai_1151_car",79.0591106550484,5.93702812888063,4.00030431117958,0,0,0,1,0,0,0,0,0,1,0,0,0,1,1
"Hyundai_1152_car",27.2264004274756,15.3639136742969,2.66484229763857,0,0,0,1,0,0,0,0,0,1,0,0,0,1,1
"Hyundai_1153_car",25.0616130257939,11.5358715200399,3.0064116086503,0,0,0,1,0,0,0,0,0,1,0,0,0,1,1
"Hyundai_1154_car",30.3480961593318,10.0861197030761,2.61235980384093,0,0,0,1,0,0,0,0,0,1,0,0,0,1,1
"Hyundai_1155_car",29.5827035143017,10.0963457675968,2.47127603337904,0,0,0,1,0,0,0,0,0,1,0,0,0,1,1
"Hyundai_1156_car",32.3203937126691,5.79091408021809,3.23187963831997,0,0,0,1,0,0,0,0,0,1,0,0,0,1,1
"Hyundai_1157_car",31.9219701605325,6.01386450533069,3.17738238131922,0,0,0,1,0,0,0,0,0,1,0,0,0,1,1
"Hyundai_1158_car",60.899304534741,6.39444557251342,3.73840973366193,0,0,0,1,0,0,0,0,0,1,0,0,0,1,1
"Hyundai_1159_car",53.4615654245591,6.49356018397599,3.43114116115314,0,0,0,1,0,0,0,0,0,1,0,0,0,1,1
"Hyundai_1160_car",48.5621419647494,5.8301441671153,10.2189233714923,0,0,0,0,0,0,0,0,0,1,1,0,0,0,0
"Hyundai_1161_car",19.1482642442855,11.8672965021483,6.87935061279248,0,0,0,0,0,0,0,0,0,1,1,0,0,0,0
"Hyundai_1162_car",17.7572852610492,11.8672965021483,7.26276615728017,0,0,0,0,0,0,0,0,0,1,1,0,0,0,0
"Hyundai_1163_car",36.2373185122475,5.56166208719562,9.17963869865769,0,0,0,0,0,0,0,0,0,1,1,0,0,0,0
"Hyundai_1164_car",36.0168255112702,5.56166208719562,9.16206202188271,0,0,0,0,0,0,0,0,0,1,1,0,0,0,0
"Hyundai_1165_car",45.7781598458362,5.83560326013979,9.53569916011759,0,0,0,0,0,0,0,0,0,1,1,0,0,0,0
"Hyundai_1166_car",31.4333237774901,8.12742077267328,6.50231984116582,1,0,0,0,0,0,0,0,0,1,0,1,0,0,0
"Hyundai_1167_car",28.2930484881738,11.5301706491575,6.18942200152361,1,0,0,0,0,0,0,0,0,1,0,1,0,0,0
"Hyundai_1168_car",85.181884687646,5.4310320813441,11.5772753293822,0,0,0,0,0,0,0,0,0,1,1,0,0,0,0
"Hyundai_1169_car",81.3948613663313,6.02746260331213,11.4058842249227,0,0,0,0,0,0,0,0,0,1,1,0,0,0,0
"Hyundai_1170_car",29.7943157712492,8.52501324957699,7.86911131076971,0,0,0,0,0,0,0,0,0,1,1,0,0,0,0
"Hyundai_1171_car",28.1994110683984,8.52501324957699,8.43184100654059,0,0,0,0,0,0,0,0,0,1,1,0,0,0,0
"Hyundai_1172_car",32.1175648724632,5.30423884080593,8.62397674795869,0,0,0,0,0,0,0,0,0,1,1,0,0,0,0
"Hyundai_1173_car",34.6336412316498,9.22703975975336,8.05114107236524,0,0,0,0,0,0,0,0,0,1,1,0,0,0,0
"Hyundai_1174_car",82.5756487815801,5.13891072054948,10.9503786697699,0,0,0,0,0,0,0,0,0,1,1,0,0,0,0
"Hyundai_1175_car",78.7820052379746,6.02746260331213,10.9435724962118,0,0,0,0,0,0,0,0,0,1,1,0,0,0,0
"Hyundai_1176_car",25.4577803501907,10.8238042837174,6.51775144689691,1,0,0,0,0,0,0,0,0,1,0,1,0,0,0
"Hyundai_1177_car",20.5691790449383,11.8504446694748,8.5356932730833,0,0,0,0,0,0,0,0,0,1,1,0,0,0,0
"Hyundai_1178_car",26.5890078867311,10.3328419272876,7.83934421844296,0,0,0,0,0,0,0,0,0,1,1,0,0,0,0
"Hyundai_1179_car",26.2702697451895,10.3328419272876,7.5147792043232,0,0,0,0,0,0,0,0,0,1,1,0,0,0,0
"Hyundai_1180_car",28.0080015581582,5.95312484030407,8.73857296055536,0,0,0,0,0,0,0,0,0,1,1,0,0,0,0
"Hyundai_1181_car",27.6644996738496,6.17998474896001,8.63132592718306,0,0,0,0,0,0,0,0,0,1,1,0,0,0,0
"Hyundai_1182_car",55.7109614689301,6.54632129695412,11.6764088622225,0,0,0,0,0,0,0,0,0,1,1,0,0,0,0
"Hyundai_1183_car",48.9478756258608,6.61002203042831,10.9982708297961,0,0,0,0,0,0,0,0,0,1,1,0,0,0,0
"Hyundai_1184_car",55.7931140196248,3.65937005829163,10.0301815188684,0,0,1,0,0,0,0,0,0,1,0,0,1,0,1
"Hyundai_1185_car",25.3526409288402,4.05884422807503,6.82247355655635,0,0,1,0,0,0,0,0,0,1,0,0,1,0,1
"Hyundai_1186_car",24.6649457706321,4.05752868407253,6.75757985197625,0,0,1,0,0,0,0,0,0,1,0,0,1,0,1
"Hyundai_1187_car",43.3971940358107,3.42820355592945,9.00613383661999,0,0,1,0,0,0,0,0,0,1,0,0,1,0,1
"Hyundai_1188_car",43.1693246084482,3.42818693787163,8.99921329979838,0,0,1,0,0,0,0,0,0,1,0,0,1,0,1
"Hyundai_1189_car",51.9622153738989,3.20715353476307,9.97958056424892,0,0,1,0,0,0,0,0,0,1,0,0,1,0,1
"Hyundai_1190_car",36.0458825499118,4.15470104761271,7.17179391231714,0,0,1,0,0,0,0,0,0,1,0,0,1,0,1
"Hyundai_1191_car",33.386461645764,5.32717598427609,6.95774614320862,0,0,1,0,0,0,0,0,0,1,0,0,1,0,1
"Hyundai_1192_car",92.8376923527185,3.42004361675542,11.289261097456,0,0,1,0,0,0,0,0,0,1,0,0,1,0,1
"Hyundai_1193_car",88.8574279137997,3.79296716051973,11.052035267877,0,0,1,0,0,0,0,0,0,1,0,0,1,0,1
"Hyundai_1194_car",37.1433623077375,3.29412211688293,7.63435010375679,0,0,1,0,0,0,0,0,0,1,0,0,1,0,1
"Hyundai_1195_car",35.2403153129648,5.3521112233736,7.10378790892459,0,0,1,0,0,0,0,0,0,1,0,0,1,0,1
"Hyundai_1196_car",37.9434846738264,3.3046810740632,8.79548601460106,0,0,1,0,0,0,0,0,0,1,0,0,1,0,1
"Hyundai_1197_car",41.3360483020304,3.43190792667761,8.01872175379956,0,0,1,0,0,0,0,0,0,1,0,0,1,0,1
"Hyundai_1198_car",89.3750728211878,2.97431700512138,11.1396900101678,0,0,1,0,0,0,0,0,0,1,0,0,1,0,1
"Hyundai_1199_car",85.516495533945,3.33319940881205,11.2414039719082,0,0,1,0,0,0,0,0,0,1,0,0,1,0,1
"Hyundai_1200_car",30.6220609225789,4.99189267595058,7.30009401639232,0,0,1,0,0,0,0,0,0,1,0,0,1,0,1
"Hyundai_1201_car",27.826643174907,3.95521975211675,7.99836460473285,0,0,1,0,0,0,0,0,0,1,0,0,1,0,1
"Hyundai_1202_car",34.1403081980274,3.79965286784337,7.06060686664092,0,0,1,0,0,0,0,0,0,1,0,0,1,0,1
"Hyundai_1203_car",35.8655464001038,3.84386442571226,6.65191957214981,0,0,1,0,0,0,0,0,0,1,0,0,1,0,1
"Hyundai_1204_car",35.4739186054821,3.69877670998968,8.33434401442609,0,0,1,0,0,0,0,0,0,1,0,0,1,0,1
"Hyundai_1205_car",35.037461814356,3.8393784999119,8.18741573513845,0,0,1,0,0,0,0,0,0,1,0,0,1,0,1
"Hyundai_1206_car",66.6755429596661,4.08085193626285,10.1256854588521,0,0,1,0,0,0,0,0,0,1,0,0,1,0,1
"Hyundai_1207_car",59.7889075561091,3.55570576597146,10.008984861849,0,0,1,0,0,0,0,0,0,1,0,0,1,0,1
"Hyundai_1241_car",47.4634121047317,6.09032150977899,4.17725035835548,0,0,0,1,0,0,0,0,0,1,0,0,0,1,1
"Hyundai_1242_car",36.9656387366014,9.93337988973009,3.57154926418032,0,0,0,1,0,0,0,0,0,1,0,0,0,1,1
"Hyundai_1243_car",38.2934022774785,6.39540736225339,3.91079502918525,0,0,0,1,0,0,0,0,0,1,0,0,0,1,1
"Hyundai_1244_car",33.235413345642,8.95302411274025,3.49694425918735,0,0,0,1,0,0,0,0,0,1,0,0,0,1,1
"Hyundai_1245_car",27.661161273517,7.43082498564892,4.29582677205685,0,0,0,1,0,0,0,0,0,1,0,0,0,1,1
"Hyundai_1246_car",29.0653848567588,10.8153475646417,3.30456941196822,0,0,0,1,0,0,0,0,0,1,0,0,0,1,1
"Hyundai_1247_car",34.8644107320705,8.28215019997161,3.45396538620526,0,0,0,1,0,0,0,0,0,1,0,0,0,1,1
"Hyundai_1248_car",29.9013844556822,10.6850579725921,3.03603174330199,0,0,0,1,0,0,0,0,0,1,0,0,0,1,1
"Hyundai_1249_car",32.3152144235811,5.1182648515103,3.61924915013549,0,0,0,1,0,0,0,0,0,1,0,0,0,1,1
"Hyundai_1250_car",31.7132957040474,7.8530809291682,3.18271787655259,0,0,0,1,0,0,0,0,0,1,0,0,0,1,1
"Hyundai_1251_car",43.7194821711656,6.19145290979017,11.3377440890002,0,0,0,0,0,0,0,0,0,1,1,0,0,0,0
"Hyundai_1252_car",33.5886495952971,10.1049642152808,9.73812745846931,0,0,0,0,0,0,0,0,0,1,1,0,0,0,0
"Hyundai_1253_car",33.8038847908815,6.51652391881576,10.8961397644273,0,0,0,0,0,0,0,0,0,1,1,0,0,0,0
"Hyundai_1254_car",29.7733225055544,9.13830019008061,9.32411517222154,0,0,0,0,0,0,0,0,0,1,1,0,0,0,0
"Hyundai_1255_car",20.6502093114155,7.53588925035977,12.6220431990637,0,0,0,0,0,0,0,0,0,1,1,0,0,0,0
"Hyundai_1256_car",24.0093701503506,11.075502529932,8.68429544173919,0,0,0,0,0,0,0,0,0,1,1,0,0,0,0
"Hyundai_1257_car",30.2516899583511,8.47245605154383,9.37285164094596,0,0,0,0,0,0,0,0,0,1,1,0,0,0,0
"Hyundai_1258_car",26.5884214238713,10.9282221197182,8.17199890654736,0,0,0,0,0,0,0,0,0,1,1,0,0,0,0
"Hyundai_1259_car",28.297103172559,5.31274910040757,9.42233315913279,0,0,0,0,0,0,0,0,0,1,1,0,0,0,0
"Hyundai_1260_car",28.6985719949721,8.03397953721757,8.41134034068909,0,0,0,0,0,0,0,0,0,1,1,0,0,0,0
"Hyundai_1261_car",52.1020531175542,3.91211293820967,10.6747499393511,0,0,1,0,0,0,0,0,0,1,0,0,1,0,1
"Hyundai_1262_car",41.7669598771204,3.62565205056219,9.30408214290931,0,0,1,0,0,0,0,0,0,1,0,0,1,0,1
"Hyundai_1263_car",42.6871615706283,4.08942855734177,9.65263230072011,0,0,1,0,0,0,0,0,0,1,0,0,1,0,1
"Hyundai_1264_car",37.7826972923665,3.38258870964307,8.9911721656817,0,0,1,0,0,0,0,0,0,1,0,0,1,0,1
"Hyundai_1265_car",30.4623091614119,3.86447445170273,11.7634320144516,0,0,1,0,0,0,0,0,0,1,0,0,1,0,1
"Hyundai_1266_car",31.6785760129412,3.41417198723045,6.53566014280644,0,0,1,0,0,0,0,0,0,1,0,0,1,0,1
"Hyundai_1267_car",38.1055697589456,2.62915581867671,6.89176990752034,0,0,1,0,0,0,0,0,0,1,0,0,1,0,1
"Hyundai_1268_car",34.1870228595587,3.88485638256605,7.87528401168045,0,0,1,0,0,0,0,0,0,1,0,0,1,0,1
"Hyundai_1269_car",36.207613370724,3.29741620035909,8.9984173762139,0,0,1,0,0,0,0,0,0,1,0,0,1,0,1
"Hyundai_1270_car",36.3536377217546,3.11721818733931,8.24508486813213,0,0,1,0,0,0,0,0,0,1,0,0,1,0,1
"Hyundai_1271_car",38.3197336132853,6.7605814698812,3.93492715021605,0,0,0,1,0,0,0,0,0,1,0,0,0,1,0
"Hyundai_1272_car",37.6660386484664,9.35926551735444,3.46077419042306,0,0,0,1,0,0,0,0,0,1,0,0,0,1,0
"Hyundai_1273_car",53.0920732585563,10.0037256351456,4.26809239788996,0,0,0,1,0,0,0,0,0,1,0,0,0,1,0
"Hyundai_1274_car",30.2410494303422,9.49687517367391,3.00063743191973,0,0,0,1,0,0,0,0,0,1,0,0,0,1,0
"Hyundai_1277_car",29.8193545869852,5.30178074597735,7.1708628959799,0,0,1,0,0,0,0,0,0,1,0,0,1,0,0
"JLR_463_car",59.8006733090466,5.96945872572532,3.57107238908935,0,0,0,1,0,0,0,0,0,0,0,0,0,1,1
"JLR_464_car",53.8748718461686,6.96129503186364,3.32205964074347,0,0,0,1,0,0,0,0,0,0,0,0,0,1,1
"JLR_465_car",100.773531916029,3.33260096709797,4.20978737911219,0,0,0,1,0,0,0,0,0,0,0,0,0,1,1
"JLR_466_car",77.6634139180012,3.68321596801488,3.95134533553438,0,0,0,1,0,0,0,0,0,0,0,0,0,1,1
"JLR_467_car",50.5850038837251,6.1345237704939,10.8577944096065,0,0,0,0,0,0,0,0,0,0,1,0,0,0,0
"JLR_468_car",45.1548613936346,7.10406651561806,10.3389321908185,0,0,0,0,0,0,0,0,0,0,1,0,0,0,0
"JLR_469_car",91.8902486563969,3.40518398938599,11.7586474569299,0,0,0,0,0,0,0,0,0,0,1,0,0,0,0
"JLR_470_car",69.9217543412646,3.76457316622072,10.8658818213478,0,0,0,0,0,0,0,0,0,0,1,0,0,0,0
"JLR_471_car",60.8047661623523,3.83576902575165,9.31011739588743,0,0,1,0,0,0,0,0,0,0,0,0,1,0,1
"JLR_472_car",54.9094308367222,3.69003106941408,9.35752971921484,0,0,1,0,0,0,0,0,0,0,0,0,1,0,1
"JLR_473_car",101.650966498567,2.1461006254386,11.0806445042369,0,0,1,0,0,0,0,0,0,0,0,0,1,0,1
"JLR_474_car",78.9959460281272,2.36946146223349,10.3805392549788,0,0,1,0,0,0,0,0,0,0,0,0,1,0,1
"Kia_775_car",21.2942338638108,11.9755717973597,2.53788354474189,0,0,0,1,0,0,0,0,0,1,0,0,0,1,1
"Kia_776_car",33.690781286139,9.50642058356298,3.27265169273855,0,0,0,1,0,0,0,0,0,1,0,0,0,1,1
"Kia_777_car",33.0425179121104,5.7438657689322,3.30755783073248,0,0,0,1,0,0,0,0,0,1,0,0,0,1,1
"Kia_778_car",31.6631753909713,9.01404029471953,2.82489169131805,0,0,0,1,0,0,0,0,0,1,0,0,0,1,1
"Kia_779_car",30.9836175096972,8.42777135575285,2.70599426993634,0,0,0,1,0,0,0,0,0,1,0,0,0,1,1
"Kia_780_car",53.3756286390164,5.36518757323735,3.88986606695429,0,0,0,1,0,0,0,0,0,1,0,0,0,1,1
"Kia_781_car",25.0447852484364,9.48676506986042,2.66008148190893,0,0,0,1,0,0,0,0,0,1,0,0,0,1,1
"Kia_782_car",30.8929962762609,7.22630547902917,3.07740784377241,0,0,0,1,0,0,0,0,0,1,0,0,0,1,1
"Kia_783_car",30.5943992047481,7.22751009862637,3.04979532144641,0,0,0,1,0,0,0,0,0,1,0,0,0,1,1
"Kia_784_car",48.2076206979605,5.15482300270489,3.63228596123132,0,0,0,1,0,0,0,0,0,1,0,0,0,1,1
"Kia_785_car",16.1518865005866,12.2609364472431,7.45580259438513,0,0,0,0,0,0,0,0,0,1,1,0,0,0,0
"Kia_786_car",25.7328828716645,9.7157588720566,9.78083358314929,0,0,0,0,0,0,0,0,0,1,1,0,0,0,0
"Kia_787_car",26.7235766465391,5.91396364850809,9.4737354593963,0,0,0,0,0,0,0,0,0,1,1,0,0,0,0
"Kia_788_car",25.5007563044498,9.20849571330406,8.59423897854683,0,0,0,0,0,0,0,0,0,1,1,0,0,0,0
"Kia_789_car",25.1920121305722,8.62511978152248,8.13158031634439,0,0,0,0,0,0,0,0,0,1,1,0,0,0,0
"Kia_790_car",46.8354483392349,5.47131978566504,10.3723523550176,0,0,0,0,0,0,0,0,0,1,1,0,0,0,0
"Kia_791_car",19.017240001813,9.74759508837269,7.80517980459478,0,0,0,0,0,0,0,0,0,1,1,0,0,0,0
"Kia_792_car",24.2069177310599,7.41611626278932,8.92893945162677,0,0,0,0,0,0,0,0,0,1,1,0,0,0,0
"Kia_793_car",23.9922132379688,7.41611626278932,8.86153153420229,0,0,0,0,0,0,0,0,0,1,1,0,0,0,0
"Kia_794_car",43.5909610277024,5.26048382848745,9.60673075776213,0,0,0,0,0,0,0,0,0,1,1,0,0,0,0
"Kia_795_car",22.9226914112438,4.15310144953166,6.93523624375726,0,0,1,0,0,0,0,0,0,1,0,0,1,0,1
"Kia_796_car",33.4407980065699,3.00613805429846,6.69287186384419,0,0,1,0,0,0,0,0,0,1,0,0,1,0,1
"Kia_797_car",34.7705470887539,3.68237686836775,8.50996838889726,0,0,1,0,0,0,0,0,0,1,0,0,1,0,1
"Kia_798_car",33.8111723087072,3.50213032769373,7.46235897285721,0,0,1,0,0,0,0,0,0,1,0,0,1,0,1
"Kia_799_car",33.3961143090483,3.37222129854068,7.11913935075435,0,0,1,0,0,0,0,0,0,1,0,0,1,0,1
"Kia_800_car",56.1024812600355,3.44281941877507,10.1284262570937,0,0,1,0,0,0,0,0,0,1,0,0,1,0,1
"Kia_801_car",26.359660522237,3.6501402414669,7.1016851618985,0,0,1,0,0,0,0,0,0,1,0,0,1,0,1
"Kia_802_car",32.6439839700936,2.94756008582217,7.97020925262432,0,0,1,0,0,0,0,0,0,1,0,0,1,0,1
"Kia_803_car",32.4132204449454,2.94986907350573,7.91003054992594,0,0,1,0,0,0,0,0,0,1,0,0,1,0,1
"Kia_804_car",50.1363737324979,3.29799189034792,9.48916190608543,0,0,1,0,0,0,0,0,0,1,0,0,1,0,1
"Kia_805_car",30.8917404522047,10.162329084198,3.10484980527517,0,0,0,1,0,0,0,0,0,1,0,0,0,1,1
"Kia_806_car",32.9742541213672,16.8321443046366,2.83092358183248,0,0,0,1,0,0,0,0,0,1,0,0,0,1,1
"Kia_807_car",35.208840212082,8.99776660964761,3.59490146758209,0,0,0,1,0,0,0,0,0,1,0,0,0,1,1
"Kia_808_car",42.7767902155892,7.4758351646578,3.69677232499403,0,0,0,1,0,0,0,0,0,1,0,0,0,1,1
"Kia_809_car",28.9704949076217,9.71054190062917,3.278842000442,0,0,0,1,0,0,0,0,0,1,0,0,0,1,1
"Kia_810_car",36.0403027162368,7.29172529660571,3.46397898599597,0,0,0,1,0,0,0,0,0,1,0,0,0,1,1
"Kia_811_car",25.3372049856626,9.24059456973115,10.693244831001,0,0,0,0,0,0,0,0,0,1,1,0,0,0,0
"Kia_812_car",32.6850611710551,7.65027066132033,11.0857843954852,0,0,0,0,0,0,0,0,0,1,1,0,0,0,0
"Kia_813_car",20.3085927325346,10.0287755287039,9.13986878513296,0,0,0,0,0,0,0,0,0,1,1,0,0,0,0
"Kia_814_car",26.6818126410828,7.51416522479368,10.0875759144905,0,0,0,0,0,0,0,0,0,1,1,0,0,0,0
"Kia_815_car",24.1937314385059,10.4111884085277,8.86194272019774,0,0,0,0,0,0,0,0,0,1,1,0,0,0,0
"Kia_816_car",28.2770039870295,11.8468470931755,6.90464896217859,1,0,0,0,0,0,0,0,0,1,0,1,0,0,0
"Kia_817_car",32.2414183555337,3.73798413409079,7.98308368570734,0,0,1,0,0,0,0,0,0,1,0,0,1,0,1
"Kia_818_car",32.6994510663586,5.36852165235709,7.71156068447198,0,0,1,0,0,0,0,0,0,1,0,0,1,0,1
"Kia_819_car",35.277762623892,3.33191024684484,9.50110379889632,0,0,1,0,0,0,0,0,0,1,0,0,1,0,1
"Kia_820_car",42.4961525769002,4.74244650607013,9.45502689065173,0,0,1,0,0,0,0,0,0,1,0,0,1,0,1
"Kia_821_car",29.3352735601242,3.59847616468898,8.587795710544,0,0,1,0,0,0,0,0,0,1,0,0,1,0,1
"Kia_822_car",37.1871565933208,2.8863133112555,8.9217737872157,0,0,1,0,0,0,0,0,0,1,0,0,1,0,1
"Kia_823_car",44.5592914877776,6.61963233865766,3.7995071911534,0,0,0,1,0,0,0,0,0,1,0,0,0,1,0
"Kia_824_car",36.2923838406715,9.66464188816812,3.19468580533826,0,0,0,1,0,0,0,0,0,1,0,0,0,1,0
"Kia_825_car",44.1595064265367,9.53807848274325,3.35203794249946,0,0,0,1,0,0,0,0,0,1,0,0,0,1,0
"Kia_826_car",29.2754635320536,5.35774073650699,7.82408469049932,0,0,1,0,0,0,0,0,0,1,0,0,1,0,0
"Lucid_8_car",64.0605506997482,2.54351484039664,3.57844599170967,0,0,0,1,0,0,1,0,0,0,0,0,0,1,0
"Mazda_344_car",35.8412667961861,8.80212058443736,3.04241831306374,0,0,0,1,0,0,0,0,1,0,0,0,0,1,1
"Mazda_345_car",35.6739888419198,7.01738915654549,3.04963251018841,0,0,0,1,0,0,0,0,1,0,0,0,0,1,1
"Mazda_346_car",29.664910353495,8.24313296371775,2.84756553440979,0,0,0,1,0,0,0,0,1,0,0,0,0,1,1
"Mazda_347_car",36.2337577597739,8.79860062204043,3.17228323490309,0,0,0,1,0,0,0,0,1,0,0,0,0,1,1
"Mazda_348_car",35.8492537978089,7.01541586973814,3.14458832970307,0,0,0,1,0,0,0,0,1,0,0,0,0,1,1
"Mazda_349_car",30.3179235614065,8.15076160747649,2.93061808328088,0,0,0,1,0,0,0,0,1,0,0,0,0,1,1
"Mazda_350_car",30.3421832609182,8.14952330595874,2.97057948310857,0,0,0,1,0,0,0,0,1,0,0,0,0,1,1
"Mazda_351_car",37.8644607218985,6.44118111180702,2.94139355318769,0,0,0,1,0,0,0,0,1,0,0,0,0,1,1
"Mazda_352_car",37.8692324098098,6.44006236772537,2.98997438031442,0,0,0,1,0,0,0,0,1,0,0,0,0,1,1
"Mazda_353_car",32.5809832272383,9.08060012613968,8.22365286152791,0,0,0,0,0,0,0,0,1,0,1,0,0,0,0
"Mazda_354_car",31.9739165354569,7.24178507771207,8.64806011219619,0,0,0,0,0,0,0,0,1,0,1,0,0,0,0
"Mazda_355_car",27.3177573339598,8.52834980008434,7.41259777189837,0,0,0,0,0,0,0,0,1,0,1,0,0,0,0
"Mazda_356_car",32.7397202093394,9.08060012613968,8.52340175896367,0,0,0,0,0,0,0,0,1,0,1,0,0,0,0
"Mazda_357_car",31.9742559412225,7.24178507771207,8.8857709301336,0,0,0,0,0,0,0,0,1,0,1,0,0,0,0
"Mazda_358_car",27.8760235642946,8.43419652402877,7.59677603654108,0,0,0,0,0,0,0,0,1,0,1,0,0,0,0
"Mazda_359_car",27.8141306483117,8.43419652402877,7.68618420235697,0,0,0,0,0,0,0,0,1,0,1,0,0,0,0
"Mazda_360_car",36.4306057370057,6.76370771373681,7.33363535309708,0,0,0,0,0,0,0,0,1,0,1,0,0,0,0
"Mazda_361_car",36.3679959492723,6.76370771373681,7.4563567418516,0,0,0,0,0,0,0,0,1,0,1,0,0,0,0
"Mazda_362_car",40.2540768859559,2.78999138974217,6.20314278260534,0,0,1,0,0,0,0,0,1,0,0,0,1,0,1
"Mazda_363_car",39.7055726366498,4.51195570964238,8.00421556804386,0,0,1,0,0,0,0,0,1,0,0,0,1,0,1
"Mazda_364_car",34.6944685550498,3.27390674105356,7.52000306629576,0,0,1,0,0,0,0,0,1,0,0,0,1,0,1
"Mazda_365_car",40.4603736076646,2.79053447123189,6.41535361596646,0,0,1,0,0,0,0,0,1,0,0,0,1,0,1
"Mazda_366_car",39.7359207649465,4.51208140219761,8.20010037805242,0,0,1,0,0,0,0,0,1,0,0,0,1,0,1
"Mazda_367_car",35.3088530412635,3.2337731699265,7.70654464403109,0,0,1,0,0,0,0,0,1,0,0,0,1,0,1
"Mazda_368_car",35.2712787302427,3.22868495255722,7.79242093024583,0,0,1,0,0,0,0,0,1,0,0,0,1,0,1
"Mazda_369_car",42.3145487060002,3.30651099495209,8.06429773020033,0,0,1,0,0,0,0,0,1,0,0,0,1,0,1
"Mazda_370_car",42.2917045747124,3.2927378448257,8.18265428186558,0,0,1,0,0,0,0,0,1,0,0,0,1,0,1
"Mazda_386_car",36.4075267829879,13.4573724041158,3.72497365463386,0,0,0,1,0,0,0,0,1,0,0,0,0,1,0
"McLaren_72_car",317.008106211838,2,5.10237633398469,0,0,0,1,0,0,0,0,0,0,0,0,0,1,1
"McLaren_73_car",315.974117648377,2,4.81761873830771,0,0,0,1,0,0,0,0,0,0,0,0,0,1,1
"McLaren_74_car",210.016189332518,2.35682524089603,4.53669659970144,0,0,0,1,0,0,0,0,0,0,0,0,0,1,1
"McLaren_75_car",308.186540454811,2,12.9331109785087,0,0,0,0,0,0,0,0,0,0,1,0,0,0,0
"McLaren_76_car",307.893641421433,2,12.1676368240702,0,0,0,0,0,0,0,0,0,0,1,0,0,0,0
"McLaren_77_car",202.230891435389,2.44110153805116,10.7086298207844,0,0,0,0,0,0,0,0,0,0,1,0,0,0,0
"McLaren_78_car",336.974225599365,2,12.7278583832292,0,0,1,0,0,0,0,0,0,0,0,0,1,0,1
"McLaren_79_car",336.108631365564,2,11.8973902108369,0,0,1,0,0,0,0,0,0,0,0,0,1,0,1
"McLaren_80_car",221.618651256064,2,11.3875329343794,0,0,1,0,0,0,0,0,0,0,0,0,1,0,1
"Mercedes Benz_936_car",61.8030844984739,6.968730622834,3.39887525373339,0,0,0,1,0,0,0,0,0,0,0,0,0,1,1
"Mercedes Benz_937_car",110.929688967684,5.7698786499043,4.52106877692058,0,0,0,1,0,0,0,0,0,0,0,0,0,1,1
"Mercedes Benz_938_car",54.7993589698252,7.04295357553904,2.96152282600114,0,0,0,1,0,0,0,0,0,0,0,0,0,1,1
"Mercedes Benz_939_car",59.4054375584714,5.89512355596233,3.43490657438157,0,0,0,1,0,0,0,0,0,0,0,0,0,1,1
"Mercedes Benz_940_car",46.6643249702798,7.33133193990559,2.9979881267582,0,0,0,1,0,0,0,0,0,0,0,0,0,1,1
"Mercedes Benz_941_car",123.3276086532,4.99177459140756,3.79509842648582,0,0,0,1,0,0,0,0,0,0,0,0,0,1,1
"Mercedes Benz_942_car",129.007420049475,4.2656548775968,3.87445809245914,0,0,0,1,0,0,0,0,0,0,0,0,0,1,1
"Mercedes Benz_943_car",199.052300964854,4.72060341844316,3.97952148938675,0,0,0,1,0,0,0,0,0,0,0,0,0,1,1
"Mercedes Benz_944_car",247.154597760134,3.7350289985708,4.21685176906116,0,0,0,1,0,0,0,0,0,0,0,0,0,1,1
"Mercedes Benz_945_car",83.2150614391943,5.63298324904211,3.72486310967154,0,0,0,1,0,0,0,0,0,0,0,0,0,1,1
"Mercedes Benz_946_car",81.135409441273,5.63702338135252,3.57141811732125,0,0,0,1,0,0,0,0,0,0,0,0,0,1,1
"Mercedes Benz_947_car",68.7206486902631,7.34630116395445,3.39700753013347,0,0,0,1,0,0,0,0,0,0,0,0,0,1,1
"Mercedes Benz_948_car",65.3025104711158,7.0591785775999,3.40335905979131,0,0,0,1,0,0,0,0,0,0,0,0,0,1,1
"Mercedes Benz_949_car",83.8870884176427,5.62967193641024,3.93160317722548,0,0,0,1,0,0,0,0,0,0,0,0,0,1,1
"Mercedes Benz_950_car",82.2248070507714,5.63372144048076,3.79117938942524,0,0,0,1,0,0,0,0,0,0,0,0,0,1,1
"Mercedes Benz_951_car",77.7297308018527,5.39302326757229,3.66746846086214,0,0,0,1,0,0,0,0,0,0,0,0,0,1,1
"Mercedes Benz_952_car",71.7716168378844,5.42580608435807,3.55330943916035,0,0,0,1,0,0,0,0,0,0,0,0,0,1,1
"Mercedes Benz_953_car",45.4463520022911,7.40198140457392,3.09334369641357,0,0,0,1,0,0,0,0,0,0,0,0,0,1,1
"Mercedes Benz_954_car",41.8310550999916,7.15506400315389,2.87490831650769,0,0,0,1,0,0,0,0,0,0,0,0,0,1,1
"Mercedes Benz_955_car",59.219505041215,7.0203397486769,3.42232925988315,0,0,0,1,0,0,0,0,0,0,0,0,0,1,1
"Mercedes Benz_956_car",174.84010723717,3.69712412836965,4.24745556624664,0,0,0,1,0,0,0,0,0,0,0,0,0,1,1
"Mercedes Benz_957_car",49.9514638714671,7.10382523241227,9.57215090135577,1,0,0,0,0,0,0,0,0,0,0,1,0,0,0
"Mercedes Benz_958_car",92.91420805483,5.87566407228946,12.9943682441229,1,0,0,0,0,0,0,0,0,0,0,1,0,0,0
"Mercedes Benz_959_car",45.9010882855217,7.22785015987034,8.37759682208932,1,0,0,0,0,0,0,0,0,0,0,1,0,0,0
"Mercedes Benz_960_car",46.1790706568272,6.02614971520107,10.6651287851245,0,0,0,0,0,0,0,0,0,0,1,0,0,0,0
"Mercedes Benz_961_car",36.1255770166033,7.48942396184303,9.20015332951706,0,0,0,0,0,0,0,0,0,0,1,0,0,0,0
"Mercedes Benz_962_car",106.381847577428,5.07053357805081,11.6781627029844,1,0,0,0,0,0,0,0,0,0,0,1,0,0,0
"Mercedes Benz_963_car",112.852059569644,4.33358561029244,10.8556406197048,1,0,0,0,0,0,0,0,0,0,0,1,0,0,0
"Mercedes Benz_964_car",178.284681573511,4.78130980778477,11.8276899998964,1,0,0,0,0,0,0,0,0,0,0,1,0,0,0
"Mercedes Benz_965_car",222.674312415653,3.78213061582373,12.8972012567447,0,0,0,0,0,0,0,0,0,0,1,0,0,0,0
"Mercedes Benz_966_car",69.0851422996263,5.72974515259561,11.0884727523948,1,0,0,0,0,0,0,0,0,0,0,1,0,0,0
"Mercedes Benz_967_car",68.899109364484,5.72968809099342,10.1428403422975,1,0,0,0,0,0,0,0,0,0,0,1,0,0,0
"Mercedes Benz_968_car",54.7538642967283,7.48303748267791,10.9565600699093,0,0,0,0,0,0,0,0,0,0,1,0,0,0,0
"Mercedes Benz_969_car",52.3133581033613,7.19695737230832,10.6489306966695,0,0,0,0,0,0,0,0,0,0,1,0,0,0,0
"Mercedes Benz_970_car",69.1107382225191,5.72942504934647,11.5424097075661,1,0,0,0,0,0,0,0,0,0,0,1,0,0,0
"Mercedes Benz_971_car",68.9201389042091,5.72944795907736,10.582601007116,1,0,0,0,0,0,0,0,0,0,0,1,0,0,0
"Mercedes Benz_972_car",65.500681005449,5.4888883015066,10.0952248064726,1,0,0,0,0,0,0,0,0,0,0,1,0,0,0
"Mercedes Benz_973_car",57.0968287762164,5.51276725549394,11.3963776833525,0,0,0,0,0,0,0,0,0,0,1,0,0,0,0
"Mercedes Benz_974_car",33.9250806027294,7.5653876415833,9.77763729595122,0,0,0,0,0,0,0,0,0,0,1,0,0,0,0
"Mercedes Benz_975_car",31.976095062214,7.31113800091764,8.85109801137245,0,0,0,0,0,0,0,0,0,0,1,0,0,0,0
"Mercedes Benz_976_car",46.4827285411628,7.15933246204567,10.6770025196796,0,0,0,0,0,0,0,0,0,0,1,0,0,0,0
"Mercedes Benz_977_car",154.197097867108,3.7635655453152,12.2155374083409,0,0,0,0,0,0,0,0,0,0,1,0,0,0,0
"Mercedes Benz_978_car",55.7968663728221,4.47321274991914,8.91032193063274,0,0,1,0,0,0,0,0,0,0,0,0,1,0,1
"Mercedes Benz_979_car",99.478625998343,3.70506467458264,11.4990923312883,0,0,1,0,0,0,0,0,0,0,0,0,1,0,1
"Mercedes Benz_980_car",50.9939037216817,3.75082823588307,8.54462824815129,0,0,1,0,0,0,0,0,0,0,0,0,1,0,1
"Mercedes Benz_981_car",55.1707210979427,3.79190059883925,8.93191067336602,0,0,1,0,0,0,0,0,0,0,0,0,1,0,1
"Mercedes Benz_982_car",44.051575763779,2.9029029591629,8.05478561351282,0,0,1,0,0,0,0,0,0,0,0,0,1,0,1
"Mercedes Benz_983_car",112.058486669227,3.20517704528245,10.1548140053206,0,0,1,0,0,0,0,0,0,0,0,0,1,0,1
"Mercedes Benz_984_car",117.549108609788,2.73988823643283,10.4766964548851,0,0,1,0,0,0,0,0,0,0,0,0,1,0,1
"Mercedes Benz_985_car",181.635186652737,3.02419856458122,10.8232313637904,0,0,1,0,0,0,0,0,0,0,0,0,1,0,1
"Mercedes Benz_986_car",225.809148684763,2.39278564820984,11.5238510921105,0,0,1,0,0,0,0,0,0,0,0,0,1,0,1
"Mercedes Benz_987_car",76.0011697791113,3.61339357554388,9.84537994737339,0,0,1,0,0,0,0,0,0,0,0,0,1,0,1
"Mercedes Benz_988_car",75.1747987863666,3.61443435380524,9.53882726814803,0,0,1,0,0,0,0,0,0,0,0,0,1,0,1
"Mercedes Benz_989_car",62.0331577537486,4.71324616411663,8.92384068896713,0,0,1,0,0,0,0,0,0,0,0,0,1,0,1
"Mercedes Benz_990_car",59.5097992430916,3.73037373745043,9.52457700981902,0,0,1,0,0,0,0,0,0,0,0,0,1,0,1
"Mercedes Benz_991_car",76.0686640840521,3.61236660740424,10.2692360282397,0,0,1,0,0,0,0,0,0,0,0,0,1,0,1
"Mercedes Benz_992_car",75.2567140929367,3.61354471964671,9.9894110141311,0,0,1,0,0,0,0,0,0,0,0,0,1,0,1
"Mercedes Benz_993_car",71.4068771182863,3.45819342054219,9.55780568112608,0,0,1,0,0,0,0,0,0,0,0,0,1,0,1
"Mercedes Benz_994_car",64.8951988467738,3.47379378858818,9.48791240651296,0,0,1,0,0,0,0,0,0,0,0,0,1,0,1
"Mercedes Benz_995_car",41.3739578198104,4.75601497139927,8.10728109373632,0,0,1,0,0,0,0,0,0,0,0,0,1,0,1
"Mercedes Benz_996_car",39.915937801999,2.86050598859607,7.77286949277524,0,0,1,0,0,0,0,0,0,0,0,0,1,0,1
"Mercedes Benz_997_car",53.7570693240306,3.71247560203504,9.56537611179223,0,0,1,0,0,0,0,0,0,0,0,0,1,0,1
"Mercedes Benz_998_car",159.457186634352,2.3744205431155,11.3300900469931,0,0,1,0,0,0,0,0,0,0,0,0,1,0,1
"Mercedes Benz_1032_car",78.2137856956362,5.63133616565172,3.82971710183019,0,0,0,1,0,0,0,0,0,0,0,0,0,1,1
"Mercedes Benz_1033_car",187.982942589217,6.51355382788387,4.14021700970236,0,0,0,1,0,0,0,0,0,0,0,0,0,1,1
"Mercedes Benz_1034_car",57.9387761667487,5.30985849672866,3.78926488344073,0,0,0,1,0,0,0,0,0,0,0,0,0,1,1
"Mercedes Benz_1035_car",42.7997056418071,8.2792516311812,3.29224778292296,0,0,0,1,0,0,0,0,0,0,0,0,0,1,1
"Mercedes Benz_1036_car",46.963920239708,8.71601218353166,3.34923180592731,0,0,0,1,0,0,0,0,0,0,0,0,0,1,1
"Mercedes Benz_1037_car",50.9677102149951,7.27515192887344,3.65330221191002,0,0,0,1,0,0,0,0,0,0,0,0,0,1,1
"Mercedes Benz_1038_car",70.5371623937004,5.73307760947546,10.4013923348789,1,0,0,0,0,0,0,0,0,0,0,1,0,0,0
"Mercedes Benz_1039_car",179.043076775064,6.63718679612483,12.0368067322443,0,0,0,0,0,0,0,0,0,0,1,0,0,0,0
"Mercedes Benz_1040_car",49.3580973831651,5.40973630352096,10.1021278770767,0,0,0,0,0,0,0,0,0,0,1,0,0,0,0
"Mercedes Benz_1041_car",36.5601165057573,8.43707043394921,8.97283355398745,0,0,0,0,0,0,0,0,0,0,1,0,0,0,0
"Mercedes Benz_1042_car",40.5487826972169,8.87137144052974,9.21727770614081,0,0,0,0,0,0,0,0,0,0,1,0,0,0,0
"Mercedes Benz_1043_car",42.1624183007148,7.41846188623486,11.3430049800144,0,0,0,0,0,0,0,0,0,0,1,0,0,0,0
"Mercedes Benz_1044_car",83.0146509101622,3.61520124294876,10.0281774530382,0,0,1,0,0,0,0,0,0,0,0,0,1,0,1
"Mercedes Benz_1045_car",198.885018562935,4.18337609594922,10.5744470454937,0,0,1,0,0,0,0,0,0,0,0,0,1,0,1
"Mercedes Benz_1046_car",60.6527773371848,3.40608062025829,9.83745902521675,0,0,1,0,0,0,0,0,0,0,0,0,1,0,1
"Mercedes Benz_1047_car",46.0602878704904,3.16448359156705,8.72589430519812,0,0,1,0,0,0,0,0,0,0,0,0,1,0,1
"Mercedes Benz_1048_car",50.3558447929458,3.27818487901484,8.91202502413678,0,0,1,0,0,0,0,0,0,0,0,0,1,0,1
"Mercedes Benz_1049_car",53.1845051173488,3.79778117166744,10.0001119132138,0,0,1,0,0,0,0,0,0,0,0,0,1,0,1
"Mercedes Benz_1050_car",102.014795658208,4.83353049550605,4.13232360677458,0,0,0,1,0,0,0,0,0,0,0,0,0,1,0
"Mercedes Benz_1051_car",91.8795579632326,8.382600931658,3.65109161390535,0,0,0,1,0,0,0,0,0,0,0,0,0,1,0
"Mercedes Benz_1052_car",49.9233434279603,8.97485239287417,3.788138601336,0,0,0,1,0,0,0,0,0,0,0,0,0,1,0
"Mitsubishi_224_car",31.7011381916207,10.7103623195652,3.26988314471033,0,0,0,1,0,0,0,0,1,0,0,0,0,1,1
"Mitsubishi_225_car",38.0506857857884,10.034983067515,3.51117508039019,0,0,0,1,0,0,0,0,1,0,0,0,0,1,1
"Mitsubishi_226_car",33.4987528933867,11.165169778219,3.39553495205667,0,0,0,1,0,0,0,0,1,0,0,0,0,1,1
"Mitsubishi_227_car",33.0222980694401,11.1733720164743,3.25761231207449,0,0,0,1,0,0,0,0,1,0,0,0,0,1,1
"Mitsubishi_228_car",22.4050946665862,10.9594195912429,9.31570310128157,0,0,0,0,0,0,0,0,1,0,1,0,0,0,0
"Mitsubishi_229_car",27.8255927650246,10.2259850871436,10.1461677094022,0,0,0,0,0,0,0,0,1,0,1,0,0,0,0
"Mitsubishi_230_car",23.7552279986927,11.403213880117,9.72331678574438,0,0,0,0,0,0,0,0,1,0,1,0,0,0,0
"Mitsubishi_231_car",23.7497327837563,11.403213880117,9.41620390505627,0,0,0,0,0,0,0,0,1,0,1,0,0,0,0
"Mitsubishi_232_car",33.120826747702,3.85286131298767,8.40870027996368,0,0,1,0,0,0,0,0,1,0,0,0,1,0,1
"Mitsubishi_233_car",39.3040009039431,3.67145454248249,9.10975868436248,0,0,1,0,0,0,0,0,1,0,0,0,1,0,1
"Mitsubishi_234_car",34.715803019552,3.94967027204582,8.75519747003269,0,0,1,0,0,0,0,0,1,0,0,0,1,0,1
"Mitsubishi_235_car",34.6311810127355,3.96932351558763,8.4508240716627,0,0,1,0,0,0,0,0,1,0,0,0,1,0,1
"Mitsubishi_245_car",21.2865274977456,14.8831337141536,2.19345509818412,0,0,0,1,0,0,0,0,1,0,0,0,0,1,1
"Mitsubishi_246_car",20.9454630969628,14.8675234624862,2.28879226240226,0,0,0,1,0,0,0,0,1,0,0,0,0,1,1
"Mitsubishi_247_car",17.2820103132806,15.375706834457,5.47456176942742,0,0,0,0,0,0,0,0,1,0,1,0,0,0,0
"Mitsubishi_248_car",16.6448975262737,15.3761399967077,5.66656604272813,0,0,0,0,0,0,0,0,1,0,1,0,0,0,0
"Mitsubishi_249_car",23.6306354198236,4.57992050470699,5.78185351527,0,0,1,0,0,0,0,0,1,0,0,0,1,0,1
"Mitsubishi_250_car",23.027238033255,4.54478436839975,6.01897765512153,0,0,1,0,0,0,0,0,1,0,0,0,1,0,1
"Mitsubishi_251_car",35.1902917594224,5.92816329280214,7.43563946115786,0,0,1,0,0,0,0,0,1,0,0,0,1,0,0
"Nissan_752_car",21.5576228942048,11.273905635285,2.5294152638531,0,0,0,1,0,0,0,0,1,0,0,0,0,1,1
"Nissan_753_car",20.846728863738,11.2770911853544,2.43751302247139,0,0,0,1,0,0,0,0,1,0,0,0,0,1,1
"Nissan_754_car",35.5254758371421,9.4057411604968,2.97378365242896,0,0,0,1,0,0,0,0,1,0,0,0,0,1,1
"Nissan_755_car",56.6042090682212,5.90564018808446,3.64218244600322,0,0,0,1,0,0,0,0,1,0,0,0,0,1,1
"Nissan_756_car",44.3266481542648,5.70306491906415,3.16764681730366,0,0,0,1,0,0,0,0,1,0,0,0,0,1,1
"Nissan_757_car",25.2715765539341,10.3690207472011,2.63089850807108,0,0,0,1,0,0,0,0,1,0,0,0,0,1,1
"Nissan_758_car",29.368002412503,9.25241508330428,2.77267858528651,0,0,0,1,0,0,0,0,1,0,0,0,0,1,1
"Nissan_759_car",35.8508452185244,6.9172144504112,3.00052141419144,0,0,0,1,0,0,0,0,1,0,0,0,0,1,1
"Nissan_760_car",53.0720325475103,5.64623641291417,3.3578945908298,0,0,0,1,0,0,0,0,1,0,0,0,0,1,1
"Nissan_761_car",57.3658926487157,5.0872668611231,3.72758036670214,0,0,0,1,0,0,0,0,1,0,0,0,0,1,1
"Nissan_762_car",53.4189698226126,5.05795570282107,3.45741070317594,0,0,0,1,0,0,0,0,1,0,0,0,0,1,1
"Nissan_763_car",17.5877805086565,11.5573774146304,7.62188191594743,0,0,0,0,0,0,0,0,1,0,1,0,0,0,0
"Nissan_764_car",16.9259835216868,11.5573774146304,7.37582849396859,0,0,0,0,0,0,0,0,1,0,1,0,0,0,0
"Nissan_765_car",30.3601948646907,9.60163766819421,9.44968875114437,0,0,0,0,0,0,0,0,1,0,1,0,0,0,0
"Nissan_766_car",54.662180845265,6.01907301511126,9.88936368586729,0,0,0,0,0,0,0,0,1,0,1,0,0,0,0
"Nissan_767_car",42.2136839145189,5.85817590183216,8.75119045958955,0,0,0,0,0,0,0,0,1,0,1,0,0,0,0
"Nissan_768_car",20.8691729848451,10.6079210327003,7.98578591585223,0,0,0,0,0,0,0,0,1,0,1,0,0,0,0
"Nissan_769_car",25.1361795023469,9.4634896021498,8.36141742096929,0,0,0,0,0,0,0,0,1,0,1,0,0,0,0
"Nissan_770_car",32.4253745945819,7.05995512746604,8.60798316486844,0,0,0,0,0,0,0,0,1,0,1,0,0,0,0
"Nissan_771_car",52.5975382259499,5.75365790959708,9.12670242368917,0,0,0,0,0,0,0,0,1,0,1,0,0,0,0
"Nissan_772_car",55.115295654359,5.18730528125202,9.98484371740982,0,0,0,0,0,0,0,0,1,0,1,0,0,0,0
"Nissan_773_car",52.9286476048501,5.15661073101135,9.2864085918588,0,0,0,0,0,0,0,0,1,0,1,0,0,0,0
"Nissan_774_car",27.2741785378462,4.04970877032855,6.70634653827495,0,0,1,0,0,0,0,0,1,0,0,0,1,0,1
"Nissan_775_car",26.5527380346516,4.07074998617161,6.50388006716442,0,0,1,0,0,0,0,0,1,0,0,0,1,0,1
"Nissan_776_car",40.653893043774,2.97617023602152,6.14003119021742,0,0,1,0,0,0,0,0,1,0,0,0,1,0,1
"Nissan_777_car",63.8803615601153,3.78689264987439,9.57944929750642,0,0,1,0,0,0,0,0,1,0,0,0,1,0,1
"Nissan_778_car",51.4149053592064,3.63886138221042,8.4120011444649,0,0,1,0,0,0,0,0,1,0,0,0,1,0,1
"Nissan_779_car",30.6076484254576,3.87517700034119,7.06197397416443,0,0,1,0,0,0,0,0,1,0,0,0,1,0,1
"Nissan_780_car",35.059403572804,3.56058832653086,7.41354861131388,0,0,1,0,0,0,0,0,1,0,0,0,1,0,1
"Nissan_781_car",42.1705971250644,2.71034290143384,8.24912759603159,0,0,1,0,0,0,0,0,1,0,0,0,1,0,1
"Nissan_782_car",61.2015243632923,3.61692575222779,8.80979654747264,0,0,1,0,0,0,0,0,1,0,0,0,1,0,1
"Nissan_783_car",64.536105010158,3.26411615344523,9.86705442811488,0,0,1,0,0,0,0,0,1,0,0,0,1,0,1
"Nissan_784_car",61.7122695848165,3.24184835514204,9.13626810180714,0,0,1,0,0,0,0,0,1,0,0,0,1,0,1
"Nissan_815_car",50.5426997391918,6.99330738448708,3.64426270648489,0,0,0,1,0,0,0,0,1,0,0,0,0,1,1
"Nissan_816_car",47.4526682412467,7.43196209198438,3.6223500900146,0,0,0,1,0,0,0,0,1,0,0,0,0,1,1
"Nissan_817_car",38.2541504299138,8.5932004691798,3.16766811909313,0,0,0,1,0,0,0,0,1,0,0,0,0,1,1
"Nissan_818_car",44.5708258993068,7.14934144168582,3.53582957901782,0,0,0,1,0,0,0,0,1,0,0,0,0,1,1
"Nissan_819_car",36.6039035563426,12.6034402483829,3.35921021124316,0,0,0,1,0,0,0,0,1,0,0,0,0,1,1
"Nissan_820_car",33.737973768519,12.3307068189991,3.25142844055654,0,0,0,1,0,0,0,0,1,0,0,0,0,1,1
"Nissan_821_car",41.4306553094442,7.12616922803423,10.3484110041612,0,0,0,0,0,0,0,0,1,0,1,0,0,0,0
"Nissan_822_car",37.5998621132943,7.56841653676186,10.800991446408,0,0,0,0,0,0,0,0,1,0,1,0,0,0,0
"Nissan_823_car",30.0969999565394,8.76912033257,9.61394511206156,0,0,0,0,0,0,0,0,1,0,1,0,0,0,0
"Nissan_824_car",35.9394803211554,7.28464656204215,10.0946807705874,0,0,0,0,0,0,0,0,1,0,1,0,0,0,0
"Nissan_825_car",26.6083042158354,12.8853102252023,10.0457651564352,0,0,0,0,0,0,0,0,1,0,1,0,0,0,0
"Nissan_826_car",25.1419994953772,12.6034176712875,9.40156401165902,0,0,0,0,0,0,0,0,1,0,1,0,0,0,0
"Nissan_827_car",51.9762707900449,4.44524453070674,9.33968125244595,0,0,1,0,0,0,0,0,1,0,0,0,1,0,1
"Nissan_828_car",48.1615434856437,4.78038999838316,9.32167725118227,0,0,1,0,0,0,0,0,1,0,0,0,1,0,1
"Nissan_829_car",41.0017370587688,3.30954842653154,8.31304118951766,0,0,1,0,0,0,0,0,1,0,0,0,1,0,1
"Nissan_830_car",46.0053567445319,4.54363380458995,9.09613057795363,0,0,1,0,0,0,0,0,1,0,0,0,1,0,1
"Nissan_831_car",36.264098602418,3.9745164872809,6.74493497555075,0,0,1,0,0,0,0,0,1,0,0,0,1,0,1
"Nissan_832_car",34.7361797131981,4.23368988867012,8.61122837101653,0,0,1,0,0,0,0,0,1,0,0,0,1,0,1
"Nissan_845_car",29.1132577329618,10.3900386598322,3.53977217776211,0,0,0,1,0,0,0,0,1,0,0,0,0,1,0
"Stellantis_1746_car",119.513231922747,4.46417739546038,4.01565176144647,0,0,0,1,0,0,1,0,0,0,0,0,0,1,1
"Stellantis_1747_car",45.359112048022,6.60492774444577,3.73740414684301,0,0,0,1,0,0,1,0,0,0,0,0,0,1,1
"Stellantis_1748_car",45.8359172843364,6.68059783835185,3.74447324859802,0,0,0,1,0,0,1,0,0,0,0,0,0,1,1
"Stellantis_1749_car",117.255840486495,4.2788137738333,4.0758372354948,0,0,0,1,0,0,1,0,0,0,0,0,0,1,1
"Stellantis_1750_car",51.7834508088145,4.58504987481584,4.15203930557931,0,0,0,1,0,0,1,0,0,0,0,0,0,1,1
"Stellantis_1751_car",39.7139495834237,6.25404733511065,3.3796154600661,0,0,0,1,0,0,1,0,0,0,0,0,0,1,1
"Stellantis_1752_car",91.7628233911203,2.50888632558453,5.0287416600845,0,0,0,1,0,0,1,0,0,0,0,0,0,1,1
"Stellantis_1753_car",51.2749962132563,5.38204757926712,3.93005676789946,0,0,0,1,0,0,1,0,0,0,0,0,0,1,1
"Stellantis_1754_car",44.7940211675239,6.25195887639768,3.7363841014746,0,0,0,1,0,0,1,0,0,0,0,0,0,1,1
"Stellantis_1755_car",43.4929320366224,6.34334967861789,3.93040063820809,0,0,0,1,0,0,1,0,0,0,0,0,0,1,1
"Stellantis_1756_car",65.172498199523,5.49277980446118,3.56415489933188,0,0,0,1,0,0,1,0,0,0,0,0,0,1,1
"Stellantis_1757_car",56.4391945386388,3.86739737521419,4.38660879655114,0,0,0,1,0,0,1,0,0,0,0,0,0,1,1
"Stellantis_1758_car",50.8590662578435,4.37913244597948,4.18489476030457,0,0,0,1,0,0,1,0,0,0,0,0,0,1,1
"Stellantis_1759_car",46.406925149348,5.07042958779298,3.98694734587586,0,0,0,1,0,0,1,0,0,0,0,0,0,1,1
"Stellantis_1760_car",39.6727048507922,6.02949664696343,3.91432839578044,0,0,0,1,0,0,1,0,0,0,0,0,0,1,1
"Stellantis_1761_car",86.580330475533,2.44012333124599,5.06447655384853,0,0,0,1,0,0,1,0,0,0,0,0,0,1,1
"Stellantis_1762_car",85.8134530022038,2.43522996428233,5.00320043916662,0,0,0,1,0,0,1,0,0,0,0,0,0,1,1
"Stellantis_1763_car",65.5439527372758,5.02442861214717,3.43879501616581,0,0,0,1,0,0,1,0,0,0,0,0,0,1,1
"Stellantis_1764_car",222.420682405614,2.40390624824316,4.38272342380918,0,0,0,1,0,0,1,0,0,0,0,0,0,1,1
"Stellantis_1765_car",111.229858026909,4.56947862677553,9.83594213570965,0,0,0,0,0,0,1,0,0,0,1,0,0,0,0
"Stellantis_1766_car",38.6866837173016,6.74916503157936,9.47704856810494,0,0,0,0,0,0,1,0,0,0,1,0,0,0,0
"Stellantis_1767_car",39.1251383976525,6.82390692419351,9.52235970905681,0,0,0,0,0,0,1,0,0,0,1,0,0,0,0
"Stellantis_1768_car",109.686880155291,4.38744233112016,9.68942914283837,0,0,0,0,0,0,1,0,0,0,1,0,0,0,0
"Stellantis_1769_car",45.7935613279157,4.68889342655566,10.0332577979566,0,0,0,0,0,0,1,0,0,0,1,0,0,0,0
"Stellantis_1770_car",35.5863073606282,6.39887426038202,8.41341109741512,0,0,0,0,0,0,1,0,0,0,1,0,0,0,0
"Stellantis_1771_car",87.8394075985931,2.43393126258054,11.6856740457606,0,0,0,0,0,0,1,0,0,0,1,0,0,0,0
"Stellantis_1772_car",45.6231951328541,5.49660126440982,9.68454243108297,0,0,0,0,0,0,1,0,0,0,1,0,0,0,0
"Stellantis_1773_car",39.1062751025918,6.40396199470058,9.15425379851622,0,0,0,0,0,0,1,0,0,0,1,0,0,0,0
"Stellantis_1774_car",36.7373441089004,6.49157466633755,9.83645779445977,0,0,0,0,0,0,1,0,0,0,1,0,0,0,0
"Stellantis_1775_car",59.1327725234141,5.63579485388018,8.77686687210175,0,0,0,0,0,0,1,0,0,0,1,0,0,0,0
"Stellantis_1776_car",50.3052764191496,3.95895289207116,10.4599569922571,0,0,0,0,0,0,1,0,0,0,1,0,0,0,0
"Stellantis_1777_car",44.9469629066015,4.48161588809278,10.0525435074673,0,0,0,0,0,0,1,0,0,0,1,0,0,0,0
"Stellantis_1778_car",40.7643448755977,5.18734246874117,9.68347157496313,0,0,0,0,0,0,1,0,0,0,1,0,0,0,0
"Stellantis_1779_car",33.9414739217007,6.18460315789989,9.50117532237068,0,0,0,0,0,0,1,0,0,0,1,0,0,0,0
"Stellantis_1780_car",82.7807689344092,2.35061540126844,11.7914601458795,0,0,0,0,0,0,1,0,0,0,1,0,0,0,0
"Stellantis_1781_car",82.169337531089,2.35050202398345,11.6689018002956,0,0,0,0,0,0,1,0,0,0,1,0,0,0,0
"Stellantis_1782_car",61.1105520549299,5.15734023299106,8.3142756208585,0,0,0,0,0,0,1,0,0,0,1,0,0,0,0
"Stellantis_1783_car",215.414562964785,2.48436309098025,10.2767642949154,0,0,0,0,0,0,1,0,0,0,1,0,0,0,0
"Stellantis_1784_car",125.62107631943,2.86926625275655,10.6177914691333,0,0,1,0,0,0,1,0,0,0,0,0,1,0,1
"Stellantis_1785_car",47.5616321338973,4.2374268059645,9.76640871345158,0,0,1,0,0,0,1,0,0,0,0,0,1,0,1
"Stellantis_1786_car",48.0389844882978,4.28512617132976,9.79424188367055,0,0,1,0,0,0,1,0,0,0,0,0,1,0,1
"Stellantis_1787_car",123.395885515739,2.74987024645016,10.5653816478845,0,0,1,0,0,0,1,0,0,0,0,0,1,0,1
"Stellantis_1788_car",55.041115544941,2.94245140583721,10.7184347801618,0,0,1,0,0,0,1,0,0,0,0,0,1,0,1
"Stellantis_1789_car",43.1069215267003,3.43542795326435,9.54382182074052,0,0,1,0,0,0,1,0,0,0,0,0,1,0,1
"Stellantis_1790_car",97.7884990946604,2,12.1025935419748,0,0,1,0,0,0,1,0,0,0,0,0,1,0,1
"Stellantis_1791_car",54.2975451546489,3.08566419115207,10.7259265800728,0,0,1,0,0,0,1,0,0,0,0,0,1,0,1
"Stellantis_1792_car",47.0998236840962,3.41715315055322,10.2965266495199,0,0,1,0,0,0,1,0,0,0,0,0,1,0,1
"Stellantis_1793_car",45.5568258822408,4.07384299684839,10.1146522838923,0,0,1,0,0,0,1,0,0,0,0,0,1,0,1
"Stellantis_1794_car",69.4121477657133,3.53179146556046,9.2875621332917,0,0,1,0,0,0,1,0,0,0,0,0,1,0,1
"Stellantis_1795_car",60.0694410267568,2.48379311065048,11.3805907412139,0,0,1,0,0,0,1,0,0,0,0,0,1,0,1
"Stellantis_1796_car",54.1506595613496,2.81143611725479,10.8068383540077,0,0,1,0,0,0,1,0,0,0,0,0,1,0,1
"Stellantis_1797_car",49.4421326920986,3.25378330992177,10.214359784868,0,0,1,0,0,0,1,0,0,0,0,0,1,0,1
"Stellantis_1798_car",41.6304596876848,3.30818750729185,10.6044675926216,0,0,1,0,0,0,1,0,0,0,0,0,1,0,1
"Stellantis_1799_car",92.4794083155161,2,12.1957700662946,0,0,1,0,0,0,1,0,0,0,0,0,1,0,1
"Stellantis_1800_car",91.7658106933773,2,12.0465034660722,0,0,1,0,0,0,1,0,0,0,0,0,1,0,1
"Stellantis_1801_car",70.9116193429971,3.22770490995826,8.9754617068722,0,0,1,0,0,0,1,0,0,0,0,0,1,0,1
"Stellantis_1802_car",234.528781664591,2,10.8800410614849,0,0,1,0,0,0,1,0,0,0,0,0,1,0,1
"Stellantis_1845_car",54.9683307661147,6.57542623134846,3.65187523400694,0,0,0,1,0,0,1,0,0,0,0,0,0,1,1
"Stellantis_1846_car",40.8216446435096,6.24958713169316,3.40807595158452,0,0,0,1,0,0,1,0,0,0,0,0,0,1,1
"Stellantis_1847_car",45.4630552446508,6.48089357196061,3.44624445440263,0,0,0,1,0,0,1,0,0,0,0,0,0,1,1
"Stellantis_1848_car",31.8753102610281,8.85264190907896,3.21652394596672,0,0,0,1,0,0,1,0,0,0,0,0,0,1,1
"Stellantis_1849_car",36.0710926649451,8.86643111135376,3.15044030189039,0,0,0,1,0,0,1,0,0,0,0,0,0,1,1
"Stellantis_1850_car",43.8705147378856,6.74395131070921,10.2010183002377,0,0,0,0,0,0,1,0,0,0,1,0,0,0,0
"Stellantis_1851_car",31.9392642556081,6.42022089767052,9.33681688483996,0,0,0,0,0,0,1,0,0,0,1,0,0,0,0
"Stellantis_1852_car",36.1095335616425,6.64853089541433,9.51171642876063,0,0,0,0,0,0,1,0,0,0,1,0,0,0,0
"Stellantis_1853_car",23.5751952316832,9.04943673889127,8.5682242136717,0,0,0,0,0,0,1,0,0,0,1,0,0,0,0
"Stellantis_1854_car",27.5119210171409,9.05945965068399,8.42671021674042,0,0,0,0,0,0,1,0,0,0,1,0,0,0,0
"Stellantis_1855_car",55.3177758541014,3.52760332994094,10.046235036006,0,0,1,0,0,0,1,0,0,0,0,0,1,0,1
"Stellantis_1856_car",41.9690578326745,3.99625011606132,8.62302182307214,0,0,1,0,0,0,1,0,0,0,0,0,1,0,1
"Stellantis_1857_car",46.4752970331117,4.1402950879502,8.70745528744126,0,0,1,0,0,0,1,0,0,0,0,0,1,0,1
"Stellantis_1858_car",32.8561620250799,3.40130425111164,8.31157042063101,0,0,1,0,0,0,1,0,0,0,0,0,1,0,1
"Stellantis_1859_car",37.0845298059006,3.41521716300877,8.16805834853482,0,0,1,0,0,0,1,0,0,0,0,0,1,0,1
"Subaru_392_car",32.2472831437636,9.63978138936484,3.0226408527204,0,0,0,1,0,0,0,0,1,0,0,0,0,1,1
"Subaru_393_car",40.4591954672213,6.91892019393844,3.16231180537938,0,0,0,1,0,0,0,0,1,0,0,0,0,1,1
"Subaru_394_car",28.9505175106552,10.1994539761057,3.10018913949188,0,0,0,1,0,0,0,0,1,0,0,0,0,1,1
"Subaru_395_car",28.0997011902415,10.2041045557326,2.96661452241891,0,0,0,1,0,0,0,0,1,0,0,0,0,1,1
"Subaru_396_car",42.011503401395,5.90898645094471,3.55795951606613,0,0,0,1,0,0,0,0,1,0,0,0,0,1,1
"Subaru_397_car",41.3328856642098,5.9096546371632,3.50859656519954,0,0,0,1,0,0,0,0,1,0,0,0,0,1,1
"Subaru_398_car",34.6790490046293,5.93153616723429,3.09777520257563,0,0,0,1,0,0,0,0,1,0,0,0,0,1,1
"Subaru_399_car",34.7722254998723,5.93289809870562,3.06785236224135,0,0,0,1,0,0,0,0,1,0,0,0,0,1,1
"Subaru_400_car",32.145315206367,9.8853295214708,7.09015319100189,0,0,0,0,0,0,0,0,1,0,1,0,0,0,0
"Subaru_401_car",40.7683969996445,7.07701255233287,8.14570609964295,0,0,0,0,0,0,0,0,1,0,1,0,0,0,0
"Subaru_402_car",28.1611849737449,10.5232909873126,7.15580159760093,0,0,0,0,0,0,0,0,1,0,1,0,0,0,0
"Subaru_403_car",27.501669862528,10.5232909873126,6.85512606077276,0,0,0,0,0,0,0,0,1,0,1,0,0,0,0
"Subaru_404_car",41.0011457468298,6.08240236013051,8.69483105737149,0,0,0,0,0,0,0,0,1,0,1,0,0,0,0
"Subaru_405_car",40.3424881095187,6.08240236013051,8.57990465075172,0,0,0,0,0,0,0,0,1,0,1,0,0,0,0
"Subaru_406_car",30.5202393687791,6.09213072960756,9.02851622546155,0,0,0,0,0,0,0,0,1,0,1,0,0,0,0
"Subaru_407_car",30.7393216429079,6.09213072960756,9.09598149808866,0,0,0,0,0,0,0,0,1,0,1,0,0,0,0
"Subaru_408_car",36.9360185135996,3.04945930898915,6.25102597357724,0,0,1,0,0,0,0,0,1,0,0,0,1,0,1
"Subaru_409_car",45.3100495097438,4.43936279620941,8.41736982800672,0,0,1,0,0,0,0,0,1,0,0,0,1,0,1
"Subaru_410_car",33.0289478814936,3.21978294027372,6.23581219461513,0,0,1,0,0,0,0,0,1,0,0,0,1,0,1
"Subaru_411_car",32.3194981186191,3.21876697935274,6.01839725756535,0,0,1,0,0,0,0,0,1,0,0,0,1,0,1
"Subaru_412_car",47.9690302406572,3.79754619479913,9.19920703171401,0,0,1,0,0,0,0,0,1,0,0,0,1,0,1
"Subaru_413_car",47.2898519560168,3.79748894712194,9.09783200258368,0,0,1,0,0,0,0,0,1,0,0,0,1,0,1
"Subaru_414_car",40.561450913882,2.46515981657806,8.04183325894459,0,0,1,0,0,0,0,0,1,0,0,0,1,0,1
"Subaru_415_car",39.6222318042556,3.81773434496219,7.78404232379542,0,0,1,0,0,0,0,0,1,0,0,0,1,0,1
"Subaru_434_car",30.062566072107,10.2195402367602,3.17016441864474,0,0,0,1,0,0,0,0,1,0,0,0,0,1,1
"Subaru_435_car",29.0808134018458,10.2260746983432,3.01859332775421,0,0,0,1,0,0,0,0,1,0,0,0,0,1,1
"Subaru_436_car",23.0984897104646,10.4683037604135,8.72689473779746,0,0,0,0,0,0,0,0,1,0,1,0,0,0,0
"Subaru_437_car",22.4580328082931,10.4683037604135,8.37284122496187,0,0,0,0,0,0,0,0,1,0,1,0,0,0,0
"Subaru_438_car",28.0956613245933,3.21460700162531,6.42848584300579,0,0,1,0,0,0,0,0,1,0,0,0,1,0,1
"Subaru_439_car",27.4422352835929,3.21463633431417,6.174436657991,0,0,1,0,0,0,0,0,1,0,0,0,1,0,1
"Tesla_56_car",83.5803032539032,2.64508463065118,3.77868610776794,0,0,0,1,0,0,1,0,0,0,0,0,0,1,0
"Tesla_57_car",40.7155965794582,4.68613158805687,3.21164209121088,0,0,0,1,0,0,1,0,0,0,0,0,0,1,0
"Tesla_58_car",43.4973835703598,7.32676541177627,2.97609207551942,0,0,0,1,0,0,1,0,0,0,0,0,0,1,0
"Tesla_59_car",48.442216632992,4.88260338865552,3.71330835821598,0,0,0,1,0,0,1,0,0,0,0,0,0,1,0
"Tesla_60_car",99.8503065997493,2.3946082304284,4.73636288723855,0,0,0,1,0,0,1,0,0,0,0,0,0,1,0
"Toyota_1712_car",41.4570526170879,12.9778439457545,3.20744280915851,0,0,0,1,0,0,0,0,1,0,0,0,0,1,1
"Toyota_1713_car",23.6795278803626,16.4833591505095,2.27721701691371,0,0,0,1,0,0,0,0,1,0,0,0,0,1,1
"Toyota_1714_car",52.2601239268635,6.05029012544093,3.71283767478671,0,0,0,1,0,0,0,0,1,0,0,0,0,1,1
"Toyota_1715_car",30.7216324547647,9.1952051150635,2.82955948730019,0,0,0,1,0,0,0,0,1,0,0,0,0,1,1
"Toyota_1716_car",28.096165595235,10.7315317189542,2.66841660317331,0,0,0,1,0,0,0,0,1,0,0,0,0,1,1
"Toyota_1717_car",30.0863940146051,9.12007476680205,2.80143971940926,0,0,0,1,0,0,0,0,1,0,0,0,0,1,1
"Toyota_1718_car",30.9535442913137,9.08747872202854,2.82343213664605,0,0,0,1,0,0,0,0,1,0,0,0,0,1,1
"Toyota_1719_car",31.9830295907444,11.6159611757443,3.2056815389081,0,0,0,1,0,0,0,0,1,0,0,0,0,1,1
"Toyota_1720_car",50.3027298660723,5.57636882496681,3.50344174328809,0,0,0,1,0,0,0,0,1,0,0,0,0,1,1
"Toyota_1721_car",75.6435743733754,3.6670127929461,3.98378298098242,0,0,0,1,0,0,0,0,1,0,0,0,0,1,1
"Toyota_1722_car",46.6854228263682,7.38940024723058,3.26335524193234,0,0,0,1,0,0,0,0,1,0,0,0,0,1,1
"Toyota_1723_car",31.0281081566582,17.8638604903165,2.46799329650858,0,0,0,1,0,0,0,0,1,0,0,0,0,1,1
"Toyota_1724_car",96.7668833035377,8.19776602773097,3.91200354121103,0,0,0,1,0,0,0,0,1,0,0,0,0,1,1
"Toyota_1725_car",43.8222141129575,10.4374332970369,2.91075729716901,0,0,0,1,0,0,0,0,1,0,0,0,0,1,1
"Toyota_1726_car",31.3407818052811,17.8752443589735,2.37261578774537,0,0,0,1,0,0,0,0,1,0,0,0,0,1,1
"Toyota_1727_car",35.9211763371278,9.96861333364491,2.71196579588658,0,0,0,1,0,0,0,0,1,0,0,0,0,1,1
"Toyota_1728_car",37.6181503894892,8.58373767198942,3.11990839818792,0,0,0,1,0,0,0,0,1,0,0,0,0,1,1
"Toyota_1729_car",48.0590787179499,5.41442257030047,3.92086564039824,0,0,0,1,0,0,0,0,1,0,0,0,0,1,1
"Toyota_1730_car",46.5725850387155,5.64978085892739,3.18156237979133,0,0,0,1,0,0,0,0,1,0,0,0,0,1,1
"Toyota_1731_car",37.0174830990305,7.8893886105573,2.82502060608933,0,0,0,1,0,0,0,0,1,0,0,0,0,1,1
"Toyota_1732_car",42.5540705916477,9.77320687301495,3.06922829885886,0,0,0,1,0,0,0,0,1,0,0,0,0,1,1
"Toyota_1733_car",44.4225128513712,5.59007132515278,3.26410695086261,0,0,0,1,0,0,0,0,1,0,0,0,0,1,1
"Toyota_1734_car",83.2327388801665,5.12171709057771,3.65417883621311,0,0,0,1,0,0,0,0,1,0,0,0,0,1,1
"Toyota_1735_car",38.5323360949918,5.88134215488873,3.057931543736,0,0,0,1,0,0,0,0,1,0,0,0,0,1,1
"Toyota_1736_car",38.4391332464143,6.15836638399942,3.08351956780607,0,0,0,1,0,0,0,0,1,0,0,0,0,1,1
"Toyota_1737_car",101.811242457869,4.0724545231544,3.98766535202133,0,0,0,1,0,0,0,0,1,0,0,0,0,1,1
"Toyota_1738_car",89.3618989782151,7.49258260881346,3.61106469239688,0,0,0,1,0,0,0,0,1,0,0,0,0,1,1
"Toyota_1739_car",92.0724794278078,3.55707810014594,4.01943171568622,0,0,0,1,0,0,0,0,1,0,0,0,0,1,1
"Toyota_1740_car",101.690159585392,4.07290370567027,3.99130321781439,0,0,0,1,0,0,0,0,1,0,0,0,0,1,1
"Toyota_1741_car",56.3684548603392,7.11845482086241,3.44793398581399,0,0,0,1,0,0,0,0,1,0,0,0,0,1,1
"Toyota_1742_car",59.2449983873488,5.79300160865909,4.12650514498963,0,0,0,1,0,0,0,0,1,0,0,0,0,1,1
"Toyota_1743_car",54.7919573015969,5.57636882496681,3.50344174328809,0,0,0,1,0,0,0,0,1,0,0,0,0,1,1
"Toyota_1744_car",55.5924827694472,7.41488699603284,4.01709055176435,0,0,0,1,0,0,0,0,1,0,0,0,0,1,1
"Toyota_1745_car",35.6385338735309,5.09573544458144,7.67041628386347,1,0,0,0,0,0,0,0,1,0,0,1,0,0,0
"Toyota_1746_car",20.1666797368232,6.46704710882838,5.38575159018717,1,0,0,0,0,0,0,0,1,0,0,1,0,0,0
"Toyota_1747_car",40.5932889743305,6.21543096001853,11.2621504363638,0,0,0,0,0,0,0,0,1,0,1,0,0,0,0
"Toyota_1748_car",22.9747864731401,9.4100017822404,8.47906171050319,0,0,0,0,0,0,0,0,1,0,1,0,0,0,0
"Toyota_1749_car",20.7962935152564,10.9923841757303,7.83512556469578,0,0,0,0,0,0,0,0,1,0,1,0,0,0,0
"Toyota_1750_car",23.0595580116634,9.33079271737189,7.84217842780189,0,0,0,0,0,0,0,0,1,0,1,0,0,0,0
"Toyota_1751_car",22.9902663543046,9.29782643251767,8.6148880579712,0,0,0,0,0,0,0,0,1,0,1,0,0,0,0
"Toyota_1752_car",23.5052900504811,11.8569380792238,9.5450113326753,0,0,0,0,0,0,0,0,1,0,1,0,0,0,0
"Toyota_1753_car",41.3748570357397,5.69000417920889,10.5684261453334,0,0,0,0,0,0,0,0,1,0,1,0,0,0,0
"Toyota_1754_car",64.3822553799903,3.74305064738197,12.1068870372236,0,0,0,0,0,0,0,0,1,0,1,0,0,0,0
"Toyota_1755_car",37.0940236612257,7.53237382425398,10.0861858249313,0,0,0,0,0,0,0,0,1,0,1,0,0,0,0
"Toyota_1756_car",26.6628604023212,7.18715673176046,5.87488323219922,1,0,0,0,0,0,0,0,1,0,0,1,0,0,0
"Toyota_1757_car",88.8299980848721,2.75349944304598,9.51455760031154,1,0,0,0,0,0,0,0,1,0,0,1,0,0,0
"Toyota_1758_car",38.8100055321974,3.96809910204537,7.0380340413883,1,0,0,0,0,0,0,0,1,0,0,1,0,0,0
"Toyota_1759_car",27.2901349476884,7.21769260023084,5.67838488964891,1,0,0,0,0,0,0,0,1,0,0,1,0,0,0
"Toyota_1760_car",31.7958506038615,3.80023058493001,6.57366592172654,1,0,0,0,0,0,0,0,1,0,0,1,0,0,0
"Toyota_1761_car",28.1500389752621,8.76110055510504,9.48592954193054,0,0,0,0,0,0,0,0,1,0,1,0,0,0,0
"Toyota_1762_car",36.8845901032027,5.49045723742946,13.0052336984114,0,0,0,0,0,0,0,0,1,0,1,0,0,0,0
"Toyota_1763_car",38.0679688119765,5.80660506761418,9.48478573073,0,0,0,0,0,0,0,0,1,0,1,0,0,0,0
"Toyota_1764_car",29.4361491121174,8.04244325000191,8.43751241324678,0,0,0,0,0,0,0,0,1,0,1,0,0,0,0
"Toyota_1765_car",34.3541696658209,9.98465829311055,8.54953424250757,0,0,0,0,0,0,0,0,1,0,1,0,0,0,0
"Toyota_1766_car",35.7498245110141,5.74960287470404,9.63738568745696,0,0,0,0,0,0,0,0,1,0,1,0,0,0,0
"Toyota_1767_car",72.9034799301966,5.19514391694471,12.017709906614,0,0,0,0,0,0,0,0,1,0,1,0,0,0,0
"Toyota_1768_car",30.2976903175196,6.04145644838446,9.04865283201051,0,0,0,0,0,0,0,0,1,0,1,0,0,0,0
"Toyota_1769_car",30.0932873087369,6.3151205139223,9.2156913578509,0,0,0,0,0,0,0,0,1,0,1,0,0,0,0
"Toyota_1770_car",89.5571668415009,4.14437917208028,12.4355959737164,0,0,0,0,0,0,0,0,1,0,1,0,0,0,0
"Toyota_1771_car",82.8398145732541,2.54329896087621,8.75362069269879,1,0,0,0,0,0,0,0,1,0,0,1,0,0,0
"Toyota_1772_car",80.204907680916,3.63447643746364,12.1028515665717,0,0,0,0,0,0,0,0,1,0,1,0,0,0,0
"Toyota_1773_car",89.5569885542683,4.14437917208028,12.4505008808453,0,0,0,0,0,0,0,0,1,0,1,0,0,0,0
"Toyota_1774_car",44.8439630070242,7.25364329340273,11.0455548754681,0,0,0,0,0,0,0,0,1,0,1,0,0,0,0
"Toyota_1775_car",46.6603025455754,5.91791342863198,12.6474204925216,0,0,0,0,0,0,0,0,1,0,1,0,0,0,0
"Toyota_1776_car",45.7236748220185,5.68977144519538,10.5705817910051,0,0,0,0,0,0,0,0,1,0,1,0,0,0,0
"Toyota_1777_car",43.2242572935315,7.57863924012383,11.4516353360945,0,0,0,0,0,0,0,0,1,0,1,0,0,0,0
"Toyota_1778_car",39.8226427256178,4.08977833724878,6.48839854749986,0,0,1,0,0,0,0,0,1,0,0,0,1,0,1
"Toyota_1779_car",24.106848951544,5.29198420072768,6.29817079927178,0,0,1,0,0,0,0,0,1,0,0,0,1,0,1
"Toyota_1780_car",51.8843725432236,3.88725653088756,9.61450202529531,0,0,1,0,0,0,0,0,1,0,0,0,1,0,1
"Toyota_1781_car",31.6484762328083,3.56580274322961,7.40235942637721,0,0,1,0,0,0,0,0,1,0,0,0,1,0,1
"Toyota_1782_car",28.4752148116849,3.94583292654124,7.18365581283658,0,0,1,0,0,0,0,0,1,0,0,0,1,0,1
"Toyota_1783_car",31.1079329565161,3.54902800589909,7.34433220011327,0,0,1,0,0,0,0,0,1,0,0,0,1,0,1
"Toyota_1784_car",31.3223301994953,3.48782141800169,7.61106632035622,0,0,1,0,0,0,0,0,1,0,0,0,1,0,1
"Toyota_1785_car",31.8253411696336,4.07261760973501,8.52167900723197,0,0,1,0,0,0,0,0,1,0,0,0,1,0,1
"Toyota_1786_car",50.0052827821936,3.56634878638369,9.18933544085289,0,0,1,0,0,0,0,0,1,0,0,0,1,0,1
"Toyota_1787_car",74.4083448502759,2.28399347372163,10.4407133830538,0,0,1,0,0,0,0,0,1,0,0,0,1,0,1
"Toyota_1788_car",47.3742740941593,3.8602902749844,9.28702404801924,0,0,1,0,0,0,0,0,1,0,0,0,1,0,1
"Toyota_1789_car",31.4540243739268,5.65530598994719,5.62175756022935,0,0,1,0,0,0,0,0,1,0,0,0,1,0,1
"Toyota_1790_car",95.3602433293175,2.60187714417311,8.37100116138919,0,0,1,0,0,0,0,0,1,0,0,0,1,0,1
"Toyota_1791_car",43.7142255198447,3.80852663342301,8.02172310780322,0,0,1,0,0,0,0,0,1,0,0,0,1,0,1
"Toyota_1792_car",31.5312010816842,5.67659301359831,6.63488564327851,0,0,1,0,0,0,0,0,1,0,0,0,1,0,1
"Toyota_1793_car",38.4961489029873,3.73804101397841,7.41999054656992,0,0,1,0,0,0,0,0,1,0,0,0,1,0,1
"Toyota_1794_car",37.1507349350933,2.7127613968628,6.55714109490039,0,0,1,0,0,0,0,0,1,0,0,0,1,0,1
"Toyota_1795_car",46.8485122063541,3.45788384966438,10.7075967434559,0,0,1,0,0,0,0,0,1,0,0,0,1,0,1
"Toyota_1796_car",46.7338238646194,3.59638025006375,8.52581228261316,0,0,1,0,0,0,0,0,1,0,0,0,1,0,1
"Toyota_1797_car",38.1767907964891,3.11122696841331,7.63500134188758,0,0,1,0,0,0,0,0,1,0,0,0,1,0,1
"Toyota_1798_car",42.8949023112944,3.6701992720428,8.02080487125227,0,0,1,0,0,0,0,0,1,0,0,0,1,0,1
"Toyota_1799_car",44.4057963684509,3.55981900387085,8.68874559901383,0,0,1,0,0,0,0,0,1,0,0,0,1,0,1
"Toyota_1800_car",82.9298329528754,3.01530711529316,10.3174170823834,0,0,1,0,0,0,0,0,1,0,0,0,1,0,1
"Toyota_1801_car",39.5137029641011,3.78489773354706,7.75874550405524,0,0,1,0,0,0,0,0,1,0,0,0,1,0,1
"Toyota_1802_car",38.7262476187397,3.28919299099668,8.48870205321164,0,0,1,0,0,0,0,0,1,0,0,0,1,0,1
"Toyota_1803_car",100.320991630853,2.50775267056962,10.6412030470338,0,0,1,0,0,0,0,0,1,0,0,0,1,0,1
"Toyota_1804_car",90.275017633621,3.9217655349415,10.4707869748777,0,0,1,0,0,0,0,0,1,0,0,0,1,0,1
"Toyota_1805_car",90.6570007899157,2.22017454062491,10.4751725910177,0,0,1,0,0,0,0,0,1,0,0,0,1,0,1
"Toyota_1806_car",100.328807194091,2.50917221855842,10.6499778599282,0,0,1,0,0,0,0,0,1,0,0,0,1,0,1
"Toyota_1807_car",55.1847461935816,4.5673482865147,9.03393732029328,0,0,1,0,0,0,0,0,1,0,0,0,1,0,1
"Toyota_1808_car",58.4238519635992,3.71992933706181,10.5450269410146,0,0,1,0,0,0,0,0,1,0,0,0,1,0,1
"Toyota_1809_car",56.4570009747547,3.57463185124565,9.08797329364255,0,0,1,0,0,0,0,0,1,0,0,0,1,0,1
"Toyota_1810_car",52.9964262552422,3.8272956484756,10.8168197146093,0,0,1,0,0,0,0,0,1,0,0,0,1,0,1
"Toyota_1874_car",53.1550480732653,8.66660054848072,3.98791310192792,0,0,0,1,0,0,0,0,1,0,0,0,0,1,1
"Toyota_1875_car",57.9581491104904,7.46332847852872,4.19882547851869,0,0,0,1,0,0,0,0,1,0,0,0,0,1,1
"Toyota_1876_car",53.8763458630209,6.92149488077174,4.00037471881206,0,0,0,1,0,0,0,0,1,0,0,0,0,1,1
"Toyota_1877_car",53.0939274185547,6.78457952214641,3.88553209391105,0,0,0,1,0,0,0,0,1,0,0,0,0,1,1
"Toyota_1878_car",52.580399856564,6.78747782300678,3.76592180277172,0,0,0,1,0,0,0,0,1,0,0,0,0,1,1
"Toyota_1879_car",34.8512598393377,8.29425251294268,3.24081671015529,0,0,0,1,0,0,0,0,1,0,0,0,0,1,1
"Toyota_1880_car",34.7635714967995,8.29174296192633,3.30083872379687,0,0,0,1,0,0,0,0,1,0,0,0,0,1,1
"Toyota_1881_car",42.5924318688767,8.94525955893881,3.42365444295159,0,0,0,1,0,0,0,0,1,0,0,0,0,1,1
"Toyota_1882_car",28.811344327989,9.07777878162269,3.1527331215305,0,0,0,1,0,0,0,0,1,0,0,0,0,1,1
"Toyota_1883_car",52.0664422417226,6.11298470844061,9.62068381005576,1,0,0,0,0,0,0,0,1,0,0,1,0,0,0
"Toyota_1884_car",51.8299145566938,7.58074753408054,12.584530072592,0,0,0,0,0,0,0,0,1,0,1,0,0,0,0
"Toyota_1885_car",49.5543028000761,7.03824519906705,11.4223294676578,0,0,0,0,0,0,0,0,1,0,1,0,0,0,0
"Toyota_1886_car",47.7076788603607,6.91950121300811,11.3192804018783,0,0,0,0,0,0,0,0,1,0,1,0,0,0,0
"Toyota_1887_car",47.5514457900773,6.91950121300811,11.0389491155255,0,0,0,0,0,0,0,0,1,0,1,0,0,0,0
"Toyota_1888_car",31.1344822886682,8.47435500174358,8.64182509459168,0,0,0,0,0,0,0,0,1,0,1,0,0,0,0
"Toyota_1889_car",30.5185349653025,8.47435500174358,8.91029442127357,0,0,0,0,0,0,0,0,1,0,1,0,0,0,0
"Toyota_1890_car",38.7450415184127,9.12236024485123,9.28290376665317,0,0,0,0,0,0,0,0,1,0,1,0,0,0,0
"Toyota_1891_car",24.4944865746501,9.30713020452468,8.32771489415869,0,0,0,0,0,0,0,0,1,0,1,0,0,0,0
"Toyota_1892_car",56.480491311745,2.76301346336409,8.06193533699506,0,0,1,0,0,0,0,0,1,0,0,0,1,0,1
"Toyota_1893_car",63.3687884365913,2.38176130572832,8.53817199911297,0,0,1,0,0,0,0,0,1,0,0,0,1,0,1
"Toyota_1894_car",59.0845226859334,4.41802413183422,9.96609763343752,0,0,1,0,0,0,0,0,1,0,0,0,1,0,1
"Toyota_1895_car",58.0646256320965,4.36711764607571,9.87781478719937,0,0,1,0,0,0,0,0,1,0,0,0,1,0,1
"Toyota_1896_car",57.8745550556048,4.3679175846296,9.63017227752191,0,0,1,0,0,0,0,0,1,0,0,0,1,0,1
"Toyota_1897_car",39.1981570841708,3.21874339882391,8.43995297804788,0,0,1,0,0,0,0,0,1,0,0,0,1,0,1
"Toyota_1898_car",38.919781239821,3.21223219685517,8.57006086516237,0,0,1,0,0,0,0,0,1,0,0,0,1,0,1
"Toyota_1899_car",47.3848725629549,3.37130834757158,8.93389234815081,0,0,1,0,0,0,0,0,1,0,0,0,1,0,1
"Toyota_1900_car",32.6152985914257,3.48512327159065,8.09333557749206,0,0,1,0,0,0,0,0,1,0,0,0,1,0,1
"Toyota_1924_car",51.9582540377007,7.67407753210739,3.60102363131625,0,0,0,1,0,0,0,0,1,0,0,0,0,1,0
"Toyota_1925_car",28.4714166721331,5.5673958301438,6.50222358471253,0,0,1,0,0,0,0,0,1,0,0,0,1,0,0
"VW_1944_car",53.6157427605268,7.51396003002963,3.30938026254819,0,0,0,1,0,0,0,0,0,0,0,0,0,1,1
"VW_1945_car",64.8252253066724,5.04277106553099,3.64453807397439,0,0,0,1,0,0,0,0,0,0,0,0,0,1,1
"VW_1946_car",31.2840467818699,8.51862461149273,2.65898976566175,0,0,0,1,0,0,0,0,0,0,0,0,0,1,1
"VW_1947_car",38.193685378311,6.96769874333064,2.97856988704733,0,0,0,1,0,0,0,0,0,0,0,0,0,1,1
"VW_1948_car",27.6117196721098,9.41001485145529,2.52139969179673,0,0,0,1,0,0,0,0,0,0,0,0,0,1,1
"VW_1949_car",88.3935955318166,5.40344272159699,3.90229431583238,0,0,0,1,0,0,0,0,0,0,0,0,0,1,1
"VW_1950_car",138.972850677078,5.32574523936844,4.25687480522241,0,0,0,1,0,0,0,0,0,0,0,0,0,1,1
"VW_1951_car",56.8337672933466,6.12388984438753,3.53002361789529,0,0,0,1,0,0,0,0,0,0,0,0,0,1,1
"VW_1952_car",48.1670213945293,5.65947202853161,3.17192940097714,0,0,0,1,0,0,0,0,0,0,0,0,0,1,1
"VW_1953_car",103.682843707528,6.02933912763733,4.00561096558085,0,0,0,1,0,0,0,0,0,0,0,0,0,1,1
"VW_1954_car",58.6625460613486,6.85215495563263,3.4532382816965,0,0,0,1,0,0,0,0,0,0,0,0,0,1,1
"VW_1955_car",58.2988477376742,9.22823269291432,3.25742122670677,0,0,0,1,0,0,0,0,0,0,0,0,0,1,1
"VW_1956_car",70.6812564334592,6.31014883796026,3.5738762844866,0,0,0,1,0,0,0,0,0,0,0,0,0,1,1
"VW_1957_car",105.981817245659,4.19688754617216,4.35071926567569,0,0,0,1,0,0,0,0,0,0,0,0,0,1,1
"VW_1958_car",60.2978957589128,4.19674156451642,4.35619510863356,0,0,0,1,0,0,0,0,0,0,0,0,0,1,1
"VW_1959_car",70.7466480904446,5.21054245101207,3.97627860196743,0,0,0,1,0,0,0,0,0,0,0,0,0,1,1
"VW_1960_car",217.004646029437,4.1358371241753,4.85044145795277,0,0,0,1,0,0,0,0,0,0,0,0,0,1,1
"VW_1961_car",53.7118284090738,5.02939405057354,3.56285372920227,0,0,0,1,0,0,0,0,0,0,0,0,0,1,1
"VW_1962_car",53.2826317630893,5.02879032183802,3.56255532574043,0,0,0,1,0,0,0,0,0,0,0,0,0,1,1
"VW_1963_car",41.37120502213,6.17793408294894,3.08778229057733,0,0,0,1,0,0,0,0,0,0,0,0,0,1,1
"VW_1964_car",35.1474918111948,9.48303935236704,2.84758377728423,0,0,0,1,0,0,0,0,0,0,0,0,0,1,1
"VW_1965_car",40.9212064570864,6.17724214447961,3.04707757555479,0,0,0,1,0,0,0,0,0,0,0,0,0,1,1
"VW_1966_car",160.924738395667,2.96299175707933,4.41771190835208,0,0,0,1,0,0,0,0,0,0,0,0,0,1,1
"VW_1967_car",133.328604375353,3.65194631704728,3.88958033429778,0,0,0,1,0,0,0,0,0,0,0,0,0,1,1
"VW_1968_car",58.6636987451308,6.85215495563263,3.4532382816965,0,0,0,1,0,0,0,0,0,0,0,0,0,1,1
"VW_1969_car",49.5096493458626,8.58731192815487,3.0989150714127,0,0,0,1,0,0,0,0,0,0,0,0,0,1,1
"VW_1970_car",41.7166198460131,8.10712626180375,2.88827105914886,0,0,0,1,0,0,0,0,0,0,0,0,0,1,1
"VW_1971_car",68.7945514828025,4.05448372346874,3.69268005986368,0,0,0,1,0,0,0,0,0,0,0,0,0,1,1
"VW_1972_car",52.9012475217267,5.31025697661694,3.32332765970605,0,0,0,1,0,0,0,0,0,0,0,0,0,1,1
"VW_1973_car",60.3730749230578,3.92465525450653,4.43833521493214,0,0,0,1,0,0,0,0,0,0,0,0,0,1,1
"VW_1974_car",70.9913038936046,5.20916183382977,4.05723948438838,0,0,0,1,0,0,0,0,0,0,0,0,0,1,1
"VW_1975_car",3737.09423068709,2.4323742272096,6.40164736786181,0,0,0,1,0,0,0,0,0,0,0,0,0,1,1
"VW_1976_car",288.94657575196,2.48529841385837,4.75447485504526,0,0,0,1,0,0,0,0,0,0,0,0,0,1,1
"VW_1977_car",104.159021000961,3.45824995318719,3.73255674656353,0,0,0,1,0,0,0,0,0,0,0,0,0,1,1
"VW_1978_car",103.933251561155,3.48714673224776,3.74136815229296,0,0,0,1,0,0,0,0,0,0,0,0,0,1,1
"VW_1979_car",77.6129131875921,4.42552012616828,3.44912748650364,0,0,0,1,0,0,0,0,0,0,0,0,0,1,1
"VW_1980_car",77.9060347662858,4.38590288643908,3.46033750313199,0,0,0,1,0,0,0,0,0,0,0,0,0,1,1
"VW_1981_car",232.828939711257,2.57663449599514,4.7066848401468,0,0,0,1,0,0,0,0,0,0,0,0,0,1,1
"VW_1982_car",171.379006486892,2.67029550462445,4.15285836950094,0,0,0,1,0,0,0,0,0,0,0,0,0,1,1
"VW_1983_car",169.551090116878,2.6917997340653,3.70561734876097,0,0,0,1,0,0,0,0,0,0,0,0,0,1,1
"VW_1984_car",266.900243930011,4.03026944051401,4.84844524929377,0,0,0,1,0,0,0,0,0,0,0,0,0,1,1
"VW_1985_car",266.222102832254,3.71378265266733,4.67066510048026,0,0,0,1,0,0,0,0,0,0,0,0,0,1,1
"VW_1986_car",84.3366891601718,3.73852645398264,3.90012339964926,0,0,0,1,0,0,0,0,0,0,0,0,0,1,1
"VW_1987_car",64.3932197671365,5.92365880843254,3.61621755564638,0,0,0,1,0,0,0,0,0,0,0,0,0,1,1
"VW_1988_car",159.424311334283,2.66830778087374,4.56305102898165,0,0,0,1,0,0,0,0,0,0,0,0,0,1,1
"VW_1989_car",64.0711894165566,6.8883091623546,3.53143782611746,0,0,0,1,0,0,0,0,0,0,0,0,0,1,1
"VW_1990_car",157.691956834978,2.61227284051278,4.26037961867463,0,0,0,1,0,0,0,0,0,0,0,0,0,1,1
"VW_1991_car",538.825119829827,2.42546613224127,5.3283860507676,0,0,0,1,0,0,0,0,0,0,0,0,0,1,1
"VW_1992_car",119.572846462746,3.47224782552805,3.77979656418144,0,0,0,1,0,0,0,0,0,0,0,0,0,1,1
"VW_1993_car",119.391305239908,3.47726530783922,3.79785408797694,0,0,0,1,0,0,0,0,0,0,0,0,0,1,1
"VW_1994_car",77.0607242648501,4.38036499684882,3.48640693385186,0,0,0,1,0,0,0,0,0,0,0,0,0,1,1
"VW_1995_car",77.0564359209672,4.37026016779311,3.49236772721182,0,0,0,1,0,0,0,0,0,0,0,0,0,1,1
"VW_1996_car",43.4143137287464,7.67577899955383,9.87800819814016,1,0,0,0,0,0,0,0,0,0,0,1,0,0,0
"VW_1997_car",53.0933494941866,5.1297473743942,11.4766470524512,0,0,0,0,0,0,0,0,0,0,1,0,0,0,0
"VW_1998_car",24.0447851404933,8.71050601584163,8.20184184195395,0,0,0,0,0,0,0,0,0,0,1,0,0,0,0
"VW_1999_car",29.8406376407602,7.11952050651419,9.11965505752264,0,0,0,0,0,0,0,0,0,0,1,0,0,0,0
"VW_2000_car",20.6658362479073,9.62798383291839,7.79321673098572,0,0,0,0,0,0,0,0,0,0,1,0,0,0,0
"VW_2001_car",77.1487715629575,5.48809375204914,11.6719548074628,1,0,0,0,0,0,0,0,0,0,0,1,0,0,0
"VW_2002_car",124.830169930221,5.40779487417737,13.6437251061164,0,0,0,0,0,0,0,0,0,0,1,0,0,0,0
"VW_2003_car",46.5614403063449,6.2807746426988,10.8798552441821,0,0,0,0,0,0,0,0,0,0,1,0,0,0,0
"VW_2004_car",39.9000727211835,5.81606356286627,9.46314429835638,0,0,0,0,0,0,0,0,0,0,1,0,0,0,0
"VW_2005_car",91.8100440967516,6.13637426984883,12.4266564218846,0,0,0,0,0,0,0,0,0,0,1,0,0,0,0
"VW_2006_car",48.8070870262773,6.99516192326858,9.76584823035325,1,0,0,0,0,0,0,0,0,0,0,1,0,0,0
"VW_2007_car",48.1765470734713,9.41209295697861,9.63264105279404,1,0,0,0,0,0,0,0,0,0,0,1,0,0,0
"VW_2008_car",60.4272385449364,6.46083535833191,10.5383559185915,1,0,0,0,0,0,0,0,0,0,0,1,0,0,0
"VW_2009_car",93.0184250209087,4.26664553102738,12.9280131458634,1,0,0,0,0,0,0,0,0,0,0,1,0,0,0
"VW_2010_car",47.8763408663295,4.28085178295858,13.3025370019273,0,0,0,0,0,0,0,0,0,0,1,0,0,0,0
"VW_2011_car",59.0424502899016,5.3154872708636,12.2967803761579,0,0,0,0,0,0,0,0,0,0,1,0,0,0,0
"VW_2012_car",198.999279808344,4.19550842540929,15.3919540788728,0,0,0,0,0,0,0,0,0,0,1,0,0,0,0
"VW_2013_car",44.8129699751436,5.14062766712403,10.9111325658715,0,0,0,0,0,0,0,0,0,0,1,0,0,0,0
"VW_2014_car",44.313898330219,5.14062766712403,10.9037737046389,0,0,0,0,0,0,0,0,0,0,1,0,0,0,0
"VW_2015_car",33.3790496294152,6.31671787926023,9.2613282389234,0,0,0,0,0,0,0,0,0,0,1,0,0,0,0
"VW_2016_car",27.0143468220811,9.68171434477743,8.85572970054274,0,0,0,0,0,0,0,0,0,0,1,0,0,0,0
"VW_2017_car",32.8805418335403,6.31671787926023,9.15371960220434,0,0,0,0,0,0,0,0,0,0,1,0,0,0,0
"VW_2018_car",146.498180347274,3.03433699005492,13.1425384077282,0,0,0,0,0,0,0,0,0,0,1,0,0,0,0
"VW_2019_car",121.519305397014,3.73921377116486,11.5122107491838,0,0,0,0,0,0,0,0,0,0,1,0,0,0,0
"VW_2020_car",48.8223915921552,6.99482435935047,9.76813230566806,1,0,0,0,0,0,0,0,0,0,0,1,0,0,0
"VW_2021_car",40.7713188248021,8.76034418975417,9.20728075735573,1,0,0,0,0,0,0,0,0,0,0,1,0,0,0
"VW_2022_car",34.6466584117466,8.27191330669945,8.36097774656226,1,0,0,0,0,0,0,0,0,0,0,1,0,0,0
"VW_2023_car",58.9017704546143,4.14423264292365,11.3509338877139,0,0,0,0,0,0,0,0,0,0,1,0,0,0,0
"VW_2024_car",44.4270413326078,5.42009385806495,10.3971079828521,0,0,0,0,0,0,0,0,0,0,1,0,0,0,0
"VW_2025_car",47.8932604874262,4.01238203547596,13.2909068916325,0,0,0,0,0,0,0,0,0,0,1,0,0,0,0
"VW_2026_car",59.0562151188429,5.31528529462467,12.4959154736367,0,0,0,0,0,0,0,0,0,0,1,0,0,0,0
"VW_2027_car",3615.27282173867,2,18.3869404585237,0,0,0,0,0,0,0,0,0,0,1,0,0,0,0
"VW_2028_car",268.475515163869,2.54313290591916,14.1584925952507,0,0,0,0,0,0,0,0,0,0,1,0,0,0,0
"VW_2029_car",93.6299998998264,3.55175391796111,10.9231289676779,0,0,0,0,0,0,0,0,0,0,1,0,0,0,0
"VW_2030_car",93.404753122483,3.58133294681996,10.9397128929781,0,0,0,0,0,0,0,0,0,0,1,0,0,0,0
"VW_2031_car",68.6749479386455,4.54513534818276,10.1227116572267,0,0,0,0,0,0,0,0,0,0,1,0,0,0,0
"VW_2032_car",68.8409402113273,4.50542758555447,10.1491096369056,0,0,0,0,0,0,0,0,0,0,1,0,0,0,0
"VW_2033_car",214.732541768463,2.63647691314578,13.7843087673926,0,0,0,0,0,0,0,0,0,0,1,0,0,0,0
"VW_2034_car",158.070826166134,2.75058224650765,11.9948484875687,0,0,0,0,0,0,0,0,0,0,1,0,0,0,0
"VW_2035_car",157.572358517848,2.75058224650765,11.2692209793939,0,0,0,0,0,0,0,0,0,0,1,0,0,0,0
"VW_2036_car",250.462577499544,4.10232081816505,12.6326113725244,0,0,0,0,0,0,0,0,0,0,1,0,0,0,0
"VW_2037_car",250.427062498041,3.78712983647096,12.052156269112,0,0,0,0,0,0,0,0,0,0,1,0,0,0,0
"VW_2038_car",72.904329594451,3.83701577771084,11.5570565032579,0,0,0,0,0,0,0,0,0,0,1,0,0,0,0
"VW_2039_car",53.0729524124757,6.0696677208365,10.9635858169439,0,0,0,0,0,0,0,0,0,0,1,0,0,0,0
"VW_2040_car",144.91835666887,2.73178287721637,13.6422417216117,0,0,0,0,0,0,0,0,0,0,1,0,0,0,0
"VW_2041_car",52.8243058996754,7.05454887287708,10.8175567811972,0,0,0,0,0,0,0,0,0,0,1,0,0,0,0
"VW_2042_car",144.931485952196,2.67275242758264,12.8441152464627,0,0,0,0,0,0,0,0,0,0,1,0,0,0,0
"VW_2043_car",511.690372044835,2.29319100544984,14.5544046187289,0,0,0,0,0,0,0,0,0,0,1,0,0,0,0
"VW_2044_car",108.352104725212,3.5751618778089,10.0389761812537,0,0,0,0,0,0,0,0,0,0,1,0,0,0,0
"VW_2045_car",108.142890638113,3.58047786286129,10.0790001251016,0,0,0,0,0,0,0,0,0,0,1,0,0,0,0
"VW_2046_car",67.3755038715046,4.51198847511675,9.8978853425988,0,0,0,0,0,0,0,0,0,0,1,0,0,0,0
"VW_2047_car",67.261878481844,4.50237557608491,9.91016049588931,0,0,0,0,0,0,0,0,0,0,1,0,0,0,0
"VW_2048_car",55.2722761800392,4.82643832789477,8.60163595251878,0,0,1,0,0,0,0,0,0,0,0,0,1,0,1
"VW_2049_car",67.3367434536746,3.23153547844566,9.68512136131625,0,0,1,0,0,0,0,0,0,0,0,0,1,0,1
"VW_2050_car",34.4634823788355,3.40050984543728,7.03344645097577,0,0,1,0,0,0,0,0,0,0,0,0,1,0,1
"VW_2051_car",41.0737265618934,2.79513209148757,7.96099323967721,0,0,1,0,0,0,0,0,0,0,0,0,1,0,1
"VW_2052_car",30.67945992403,3.68166297723927,6.67316943020262,0,0,1,0,0,0,0,0,0,0,0,0,1,0,1
"VW_2053_car",92.7923163186052,3.46387471609626,10.3440233010051,0,0,1,0,0,0,0,0,0,0,0,0,1,0,1
"VW_2054_car",144.939670654052,3.4135904685846,11.1404540081004,0,0,1,0,0,0,0,0,0,0,0,0,1,0,1
"VW_2055_car",60.6168288897104,3.9315262306284,9.26750864632606,0,0,1,0,0,0,0,0,0,0,0,0,1,0,1
"VW_2056_car",52.1840669293074,3.61827505643415,8.35827210086766,0,0,1,0,0,0,0,0,0,0,0,0,1,0,1
"VW_2057_car",108.179312728562,3.33439661990549,10.9199887995885,0,0,1,0,0,0,0,0,0,0,0,0,1,0,1
"VW_2058_car",60.5338792327516,4.40222349724625,8.96845583690019,0,0,1,0,0,0,0,0,0,0,0,0,1,0,1
"VW_2059_car",60.7981162926319,2.92596558244015,6.67950451832689,0,0,1,0,0,0,0,0,0,0,0,0,1,0,1
"VW_2060_car",74.9174337033374,4.04812525455881,9.42284093525355,0,0,1,0,0,0,0,0,0,0,0,0,1,0,1
"VW_2061_car",110.71402805372,2.69266233034392,11.5509427981852,0,0,1,0,0,0,0,0,0,0,0,0,1,0,1
"VW_2062_car",62.6393971475312,2.69826878125123,11.3485001136524,0,0,1,0,0,0,0,0,0,0,0,0,1,0,1
"VW_2063_car",73.8220991144523,3.34903360335012,10.2493548905943,0,0,1,0,0,0,0,0,0,0,0,0,1,0,1
"VW_2064_car",224.751632542475,2.6528122219894,12.7246903973924,0,0,1,0,0,0,0,0,0,0,0,0,1,0,1
"VW_2065_car",57.4944731540125,3.23998512435177,9.24067446604163,0,0,1,0,0,0,0,0,0,0,0,0,1,0,1
"VW_2066_car",56.9568123735742,3.23967543253214,9.24247836728952,0,0,1,0,0,0,0,0,0,0,0,0,1,0,1
"VW_2067_car",44.6910591608098,3.96020843538064,7.88804114168428,0,0,1,0,0,0,0,0,0,0,0,0,1,0,1
"VW_2068_car",38.5390597602576,3.61006576372878,7.60067509306452,0,0,1,0,0,0,0,0,0,0,0,0,1,0,1
"VW_2069_car",44.1286605760941,3.96021953689921,7.81771751715232,0,0,1,0,0,0,0,0,0,0,0,0,1,0,1
"VW_2070_car",167.699388317759,2,11.3724306169535,0,0,1,0,0,0,0,0,0,0,0,0,1,0,1
"VW_2071_car",139.95225637124,2.3540290978144,10.1126411418151,0,0,1,0,0,0,0,0,0,0,0,0,1,0,1
"VW_2072_car",60.5243242851971,4.40179061806479,8.97197075539266,0,0,1,0,0,0,0,0,0,0,0,0,1,0,1
"VW_2073_car",52.0446686776262,2.72138192784775,6.3395206578878,0,0,1,0,0,0,0,0,0,0,0,0,1,0,1
"VW_2074_car",45.181128134292,3.20617561408923,7.68823404017431,0,0,1,0,0,0,0,0,0,0,0,0,1,0,1
"VW_2075_car",73.0871040560913,2.61455919613614,9.82685680446524,0,0,1,0,0,0,0,0,0,0,0,0,1,0,1
"VW_2076_car",56.9121202973142,3.41667737850343,8.76575585992961,0,0,1,0,0,0,0,0,0,0,0,0,1,0,1
"VW_2077_car",62.6784134833667,2.52726486532327,11.4668814491002,0,0,1,0,0,0,0,0,0,0,0,0,1,0,1
"VW_2078_car",73.8458354532915,3.34849219854529,10.4178410757016,0,0,1,0,0,0,0,0,0,0,0,0,1,0,1
"VW_2079_car",3897.02381970938,2,22.4038047489651,0,0,1,0,0,0,0,0,0,0,0,0,1,0,1
"VW_2080_car",301.3473852101,2,11.4582909401267,0,0,1,0,0,0,0,0,0,0,0,0,1,0,1
"VW_2081_car",109.881930914255,2.23425715442139,9.72910173854134,0,0,1,0,0,0,0,0,0,0,0,0,1,0,1
"VW_2082_car",109.637970871381,2.2527857298332,9.74100349282148,0,0,1,0,0,0,0,0,0,0,0,0,1,0,1
"VW_2083_car",82.5468259318415,2.85632526758506,8.82214085103819,0,0,1,0,0,0,0,0,0,0,0,0,1,0,1
"VW_2084_car",82.7387410703182,2.8310751496162,8.85346969939894,0,0,1,0,0,0,0,0,0,0,0,0,1,0,1
"VW_2085_car",241.695503031006,2,11.7981426325208,0,0,1,0,0,0,0,0,0,0,0,0,1,0,1
"VW_2086_car",179.405558215517,2,10.6471080823266,0,0,1,0,0,0,0,0,0,0,0,0,1,0,1
"VW_2087_car",178.611351041877,2,9.82676131948388,0,0,1,0,0,0,0,0,0,0,0,0,1,0,1
"VW_2088_car",277.836173559899,2.58118414039027,12.8777729099602,0,0,1,0,0,0,0,0,0,0,0,0,1,0,1
"VW_2089_car",277.672090697557,2.38087856121656,12.4214655695528,0,0,1,0,0,0,0,0,0,0,0,0,1,0,1
"VW_2090_car",88.1586841191795,2.41638648872975,10.2134047424975,0,0,1,0,0,0,0,0,0,0,0,0,1,0,1
"VW_2091_car",67.3950916708581,3.81796637502766,9.19966787826546,0,0,1,0,0,0,0,0,0,0,0,0,1,0,1
"VW_2092_car",167.68990693601,2,10.6673834018026,0,0,1,0,0,0,0,0,0,0,0,0,1,0,1
"VW_2093_car",64.7720314122552,4.40789791465506,9.16257427574356,0,0,1,0,0,0,0,0,0,0,0,0,1,0,1
"VW_2094_car",166.636744670162,2,10.7088896390872,0,0,1,0,0,0,0,0,0,0,0,0,1,0,1
"VW_2095_car",563.414615588169,2,14.7367735463298,0,0,1,0,0,0,0,0,0,0,0,0,1,0,1
"VW_2096_car",126.028974076952,2.24091178778054,9.88172244780835,0,0,1,0,0,0,0,0,0,0,0,0,1,0,1
"VW_2097_car",125.813676539345,2.24419009183829,9.91705822288661,0,0,1,0,0,0,0,0,0,0,0,0,1,0,1
"VW_2098_car",82.0908570012042,2.82494321477038,8.9913527929859,0,0,1,0,0,0,0,0,0,0,0,0,1,0,1
"VW_2099_car",81.968343808832,2.81862778065738,9.00328227524591,0,0,1,0,0,0,0,0,0,0,0,0,1,0,1
"VW_2154_car",47.5119914270723,7.69967959784255,4.21824544925265,0,0,0,1,0,0,0,0,0,0,0,0,0,1,1
"VW_2155_car",49.1109766196331,8.68439616706286,4.13706733626631,0,0,0,1,0,0,0,0,0,0,0,0,0,1,1
"VW_2156_car",56.5131209972564,3.6307485245058,4.90275192318188,0,0,0,1,0,0,0,0,0,0,0,0,0,1,1
"VW_2157_car",68.7863531992427,5.90774807683114,3.81511149286832,0,0,0,1,0,0,0,0,0,0,0,0,0,1,1
"VW_2158_car",45.5345072374738,7.22158937524603,3.64157819786377,0,0,0,1,0,0,0,0,0,0,0,0,0,1,1
"VW_2159_car",35.2348922908891,11.0435865853539,3.42582972769062,0,0,0,1,0,0,0,0,0,0,0,0,0,1,1
"VW_2160_car",32.3868139098508,10.2185930197444,2.94443449838573,0,0,0,1,0,0,0,0,0,0,0,0,0,1,1
"VW_2161_car",37.7145343100003,7.81798741391943,13.0604854537686,0,0,0,0,0,0,0,0,0,0,1,0,0,0,0
"VW_2162_car",39.4079960585791,8.82865073431496,12.7413388593096,0,0,0,0,0,0,0,0,0,0,1,0,0,0,0
"VW_2163_car",45.9029463381371,3.69103969650116,14.2132784508237,1,0,0,0,0,0,0,0,0,0,0,1,0,0,0
"VW_2164_car",60.9263584893237,6.00890650018221,11.2616333742937,1,0,0,0,0,0,0,0,0,0,0,1,0,0,0
"VW_2165_car",37.4065971503184,7.3572318805484,10.2432732056592,1,0,0,0,0,0,0,0,0,0,0,1,0,0,0
"VW_2166_car",26.3274106135154,11.2733792917512,10.9145255709839,0,0,0,0,0,0,0,0,0,0,1,0,0,0,0
"VW_2167_car",25.9145333756742,10.4284900801066,9.05386041956993,0,0,0,0,0,0,0,0,0,0,1,0,0,0,0
"VW_2168_car",48.6577096585022,4.88091038007312,10.6836618945559,0,0,1,0,0,0,0,0,0,0,0,0,1,0,1
"VW_2169_car",51.6360141915925,3.18534492048017,10.6958541248366,0,0,1,0,0,0,0,0,0,0,0,0,1,0,1
"VW_2170_car",58.9412628019845,2.3332382099112,12.7121689549461,0,0,1,0,0,0,0,0,0,0,0,0,1,0,1
"VW_2171_car",73.0439664802854,3.79598591893861,9.87439443429295,0,0,1,0,0,0,0,0,0,0,0,0,1,0,1
"VW_2172_car",46.8672976674847,4.63942639198113,9.36431531662459,0,0,1,0,0,0,0,0,0,0,0,0,1,0,1
"VW_2173_car",36.1023280231702,3.48275902833514,6.91458325386806,0,0,1,0,0,0,0,0,0,0,0,0,1,0,1
"VW_2174_car",36.1374019454705,3.79706075969267,7.69743158104349,0,0,1,0,0,0,0,0,0,0,0,0,1,0,1
"VW_2175_car",77.0724353774596,3.31808124832477,4.18462629787303,0,0,0,1,0,0,0,0,0,0,0,0,0,1,0
"VW_2176_car",76.5490208504438,6.56657839515491,3.60906163140554,0,0,0,1,0,0,0,0,0,0,0,0,0,1,0
"VW_2177_car",79.7356883659863,3.36861362990651,4.47787728161853,0,0,0,1,0,0,0,0,0,0,0,0,0,1,0
"VW_2178_car",111.44154102005,3.37342774765081,4.18724123456491,0,0,0,1,0,0,0,0,0,0,0,0,0,1,0
"VW_2182_car",118.635239684398,4.10666960365441,11.2067114697114,0,0,1,0,0,0,0,0,0,0,0,0,1,0,0
"VW_2183_car",216.143564951174,2.98708933866244,12.9641553270056,0,0,1,0,0,0,0,0,0,0,0,0,1,0,0
"VW_2184_car",76.6684154167229,2.93372323907211,7.17070333035954,0,0,1,0,0,0,0,0,0,0,0,0,1,0,0
"VW_2185_car",46.2191871418833,11.8135060646827,3.23701187987877,0,0,0,1,0,0,0,0,0,0,0,0,0,1,0
"Volvo_346_car",59.5538285884481,8.32502256622844,3.15514646844811,0,0,0,1,0,0,0,0,0,0,0,0,0,1,1
"Volvo_347_car",49.1344715375328,7.34548026110329,2.90181984953106,0,0,0,1,0,0,0,0,0,0,0,0,0,1,1
"Volvo_348_car",69.3554676733645,7.18620828915753,3.31601150898897,0,0,0,1,0,0,0,0,0,0,0,0,0,1,1
"Volvo_349_car",46.9658171663582,8.45085635818656,9.94735831176487,0,0,0,0,0,0,0,0,0,0,1,0,0,0,0
"Volvo_350_car",38.9100715103232,7.47210488283447,8.66575460548096,0,0,0,0,0,0,0,0,0,0,1,0,0,0,0
"Volvo_351_car",55.6334482688474,7.29054975260887,10.4243088255688,0,0,0,0,0,0,0,0,0,0,1,0,0,0,0
"Volvo_352_car",59.2695418472272,2.64313474874094,6.68931567747705,0,0,1,0,0,0,0,0,0,0,0,0,1,0,1
"Volvo_353_car",50.1234748695104,4.67433393460354,7.70270320727366,0,0,1,0,0,0,0,0,0,0,0,0,1,0,1
"Volvo_354_car",69.4796605096985,4.59497626912857,9.0612241850963,0,0,1,0,0,0,0,0,0,0,0,0,1,0,1
"Volvo_355_car",63.5339404883385,5.40326814382042,3.53965628536406,0,0,0,1,0,0,0,0,0,0,0,0,0,1,0
"Volvo_356_car",63.2503665643894,9.75818341862458,3.23285608883876,0,0,0,1,0,0,0,0,0,0,0,0,0,1,0
"Volvo_357_car",54.7851122673408,7.85524229001602,3.6510078512865,0,0,0,1,0,0,0,0,0,0,0,0,0,1,1
"Volvo_358_car",45.4095321896374,9.60261213591685,3.44276545860612,0,0,0,1,0,0,0,0,0,0,0,0,0,1,1
"Volvo_359_car",46.9845032888221,8.00024228111083,10.4551400127395,0,0,0,0,0,0,0,0,0,0,1,0,0,0,0
"Volvo_360_car",38.62999351559,9.80215245335063,9.28014641504782,0,0,0,0,0,0,0,0,0,0,1,0,0,0,0
"Volvo_361_car",50.7670452722029,4.08014331874414,8.85861203791025,0,0,1,0,0,0,0,0,0,0,0,0,1,0,0
"Volvo_362_car",59.553740089978,4.3102185194597,9.32020186712175,0,0,1,0,0,0,0,0,0,0,0,0,1,0,0
"Volvo_363_car",53.812445438574,2.96759947476373,9.62766011890505,0,0,1,0,0,0,0,0,0,0,0,0,1,0,1
"Volvo_364_car",44.72952324763,3.56818025386354,8.92440288651679,0,0,1,0,0,0,0,0,0,0,0,0,1,0,1
"Volvo_367_car",43.6466676274997,5.39644287427739,4.15397267450064,0,0,0,1,0,0,0,0,0,0,0,0,0,1,0
"Volvo_368_car",67.0330947084377,4.34254784823907,10.997307745157,0,0,1,0,0,0,0,0,0,0,0,0,1,0,0
